id,t,p,q
b1t1l1,1,949.14001465,-11.0
b1t1l2,1,42.29999924,-13.80076181745917
b1t1l3,1,39.38000107,-13.80076181745917
b2t1l1,1,255.80000305,-10.0
b2t1l2,1,77.0,-10.660637653278773
b2t1l3,1,59.65000153,-10.660637653278773
b3t1l1,1,2064.92993164,-4.0
b3t1l2,1,59.04999924,-5.0
b3t1l3,1,39.38000107,-6.629889128590699
b4t1l1,1,2116.94995117,-20.0
b4t1l2,1,93.25,-46.0
b4t1l3,1,66.93000031,-48.91286092974652
b5t1l1,1,2224.85009766,-9.0
b5t1l2,1,102.56999969,-9.350226898506063
b5t1l3,1,65.12999725,-9.350226898506063
b6t1l1,1,736.58001709,-13.0
b6t1l2,1,126.22000122,-14.571480027654621
b6t1l3,1,39.91999817,-14.571480027654621
b7t1l1,1,2990.14990234,-19.0
b7t1l2,1,52.45000076,-22.0
b7t1l3,1,39.38000107,-22.86124560556999
b8t1l1,1,872.08001709,-5.0
b8t1l2,1,119.0,-5.840228008177132
b8t1l3,1,62.88000107,-5.840228008177132
b9t1l1,1,2371.27001953,-9.440719697697185
b9t1l2,1,309.75,-9.440719697697185
b9t1l3,1,43.09999847,-9.440719697697185
b10t1l1,1,576.72998047,-15.0
b10t1l2,1,74.02999878,-15.44988131471549
b10t1l3,1,28.45000076,-15.44988131471549
b11t1l1,1,1159.81005859,-12.0
b11t1l2,1,48.91999817,-26.0
b11t1l3,1,39.66999817,-27.3912739316075
b12t1l1,1,2392.93994141,-11.0
b12t1l2,1,54.38000107,-11.51120999546012
b12t1l3,1,38.58000183,-11.51120999546012
b13t1l1,1,1027.91003418,-9.0
b13t1l2,1,78.52999878,-11.449107506403418
b13t1l3,1,47.45000076,-11.449107506403418
b14t1l1,1,180.0,-22.0
b14t1l2,1,130.25,-23.181675399099436
b14t1l3,1,39.38000107,-23.181675399099436
b15t1l1,1,2465.88989258,-7.0
b15t1l2,1,663.5,-9.0
b15t1l3,1,93.90000153,-10.472188938812915
b16t1l1,1,2287.67993164,-10.0
b16t1l2,1,114.25,-10.66093727344836
b16t1l3,1,89.31999969,-10.66093727344836
b17t1l1,1,627.89001465,-9.0
b17t1l2,1,628.75,-11.0
b17t1l3,1,39.72000122,-12.889407263279997
b18t1l1,1,2818.57006836,-18.0
b18t1l2,1,70.37999725,-20.0193605523235
b18t1l3,1,52.40000153,-20.0193605523235
b19t1l1,1,2662.98999023,-10.0
b19t1l2,1,93.19999695,-11.081333108066207
b19t1l3,1,43.72000122,-11.081333108066207
b20t1l1,1,2187.5300293,-18.0
b20t1l2,1,107.47000122,-20.62992773661822
b20t1l3,1,44.52999878,-20.62992773661822
b21t1l1,1,2049.33007813,-5.0
b21t1l2,1,115.43000031,-6.0
b21t1l3,1,54.29999924,-7.449984826375745
b22t1l1,1,1639.92004395,-8.0
b22t1l2,1,130.27000427,-9.361304924571096
b22t1l3,1,83.30000305,-9.361304924571096
b23t1l1,1,1592.61999512,-9.0
b23t1l2,1,57.88000107,-10.0
b23t1l3,1,22.25,-10.451626946732826
b24t1l1,1,2893.06005859,-9.0
b24t1l2,1,81.65000153,-10.0
b24t1l3,1,35.02999878,-10.161006306059441
b25t1l1,1,2667.07006836,-20.0
b25t1l2,1,120.56999969,-22.13103556427555
b25t1l3,1,47.38000107,-22.13103556427555
b26t1l1,1,2412.87011719,-8.0
b26t1l2,1,47.70000076,-9.420388631123899
b26t1l3,1,37.08000183,-9.420388631123899
b27t1l1,1,1201.25,-18.0
b27t1l2,1,74.02999878,-23.011077580468402
b27t1l3,1,25.97999954,-23.011077580468402
b28t1l1,1,1516.79003906,-2.0
b28t1l2,1,83.31999969,-2.0
b28t1l3,1,44.22000122,-2.0
b29t1l1,1,2740.90991211,-14.0
b29t1l2,1,93.81999969,-17.0
b29t1l3,1,37.20000076,-19.710739856098023
b30t1l1,1,1193.64001465,-55.0
b30t1l2,1,94.94999695,-58.13176286085919
b30t1l3,1,46.84999847,-58.13176286085919
b31t1l1,1,938.34002686,-14.0
b31t1l2,1,76.52999878,-17.890053638816948
b31t1l3,1,40.83000183,-17.890053638816948
b32t1l1,1,1855.60998535,-17.0
b32t1l2,1,86.65000153,-20.841668194680274
b32t1l3,1,22.52000046,-20.841668194680274
b33t1l1,1,743.91998291,-4.0
b33t1l2,1,74.02999878,-4.0
b33t1l3,1,39.38000107,-4.489387752161756
b34t1l1,1,240.57000732,-6.0
b34t1l2,1,116.62999725,-6.690017532862779
b34t1l3,1,87.72000122,-6.690017532862779
b35t1l1,1,1330.48999023,-22.0
b35t1l2,1,98.27999878,-28.0
b35t1l3,1,33.77999878,-32.13963482410982
b36t1l1,1,1396.73999023,-4.0
b36t1l2,1,74.02999878,-5.0
b36t1l3,1,39.38000107,-5.9391417913272635
b37t1l1,1,2537.95996094,-10.0
b37t1l2,1,77.5,-11.791590409669695
b37t1l3,1,51.02999878,-11.791590409669695
b38t1l1,1,2920.72998047,-10.0
b38t1l2,1,130.92999268,-22.0
b38t1l3,1,39.90000153,-23.8721478080444
b39t1l1,1,1116.15002441,-22.0
b39t1l2,1,120.5,-28.0
b39t1l3,1,90.52999878,-32.14135321524553
b40t1l1,1,302.17001343,-8.0
b40t1l2,1,119.55000305,-9.589320537120082
b40t1l3,1,19.75,-9.589320537120082
b41t1l1,1,2878.69995117,-17.0
b41t1l2,1,111.43000031,-21.43142323153287
b41t1l3,1,72.69999695,-21.43142323153287
b42t1l1,1,2546.54003906,-10.0
b42t1l2,1,101.55000305,-11.780783627866109
b42t1l3,1,82.68000031,-11.780783627866109
b43t1l1,1,2924.12988281,-24.0
b43t1l2,1,523.40002441,-25.071101076187027
b43t1l3,1,33.41999817,-25.071101076187027
b44t1l1,1,1492.47998047,-7.0
b44t1l2,1,131.47999573,-9.0
b44t1l3,1,39.38000107,-10.60084154891536
b45t1l1,1,1379.95996094,-34.0
b45t1l2,1,60.33000183,-42.7622603110658
b45t1l3,1,40.5,-42.7622603110658
b46t1l1,1,1393.70996094,-6.0
b46t1l2,1,46.22000122,-7.0
b46t1l3,1,39.38000107,-8.089947020966733
b47t1l1,1,2892.7199707,-15.0
b47t1l2,1,111.18000031,-18.191221273262215
b47t1l3,1,32.58000183,-18.191221273262215
b48t1l1,1,634.84002686,-6.0
b48t1l2,1,74.02999878,-7.579325784394234
b48t1l3,1,29.52000046,-7.579325784394234
b49t1l1,1,2137.51000977,-18.0
b49t1l2,1,59.90000153,-23.011188113686874
b49t1l3,1,39.29999924,-23.011188113686874
b50t1l1,1,673.26000977,-5.0
b50t1l2,1,90.05000305,-11.0
b50t1l3,1,46.97000122,-11.82088204051412
b51t1l1,1,1236.57995605,-11.0
b51t1l2,1,46.47000122,-11.630751427534507
b51t1l3,1,22.12999916,-11.630751427534507
b52t1l1,1,1116.4699707,-17.0
b52t1l2,1,77.72000122,-18.00017156007765
b52t1l3,1,54.0,-18.00017156007765
b53t1l1,1,1992.30004883,-11.0
b53t1l2,1,113.52999878,-13.801269695756872
b53t1l3,1,59.09999847,-13.801269695756872
b54t1l1,1,2189.37011719,-17.0
b54t1l2,1,91.75,-20.600014512007363
b54t1l3,1,45.72000122,-20.600014512007363
b55t1l1,1,1594.27001953,-18.0
b55t1l2,1,88.02999878,-40.0
b55t1l3,1,35.70000076,-43.27195886754935
b56t1l1,1,2403.91992188,-13.0
b56t1l2,1,120.43000031,-13.600072162008615
b56t1l3,1,54.77999878,-13.600072162008615
b57t1l1,1,2447.40991211,-4.0
b57t1l2,1,42.02999878,-7.0
b57t1l3,1,33.16999817,-10.111173046400118
b58t1l1,1,356.27999878,-4.0
b58t1l2,1,120.56999969,-4.230559708658877
b58t1l3,1,25.87999916,-4.230559708658877
b59t1l1,1,1141.7199707,-14.0
b59t1l2,1,74.02999878,-17.64037150239795
b59t1l3,1,39.38000107,-17.64037150239795
b60t1l1,1,2050.75,-21.0
b60t1l2,1,110.18000031,-48.0
b60t1l3,1,31.35000038,-51.18114497117064
b61t1l1,1,2027.04003906,-4.0
b61t1l2,1,55.29999924,-7.0
b61t1l3,1,32.29999924,-10.111084575506041
b62t1l1,1,901.65002441,-7.0
b62t1l2,1,73.40000153,-8.0
b62t1l3,1,57.84999847,-9.330013489512291
b63t1l1,1,2961.77001953,-14.0
b63t1l2,1,42.25,-15.021689776879747
b63t1l3,1,27.89999962,-15.021689776879747
b64t1l1,1,1607.81994629,-6.0
b64t1l2,1,105.43000031,-6.750909127462673
b64t1l3,1,60.16999817,-6.750909127462673
b65t1l1,1,1566.0300293,-5.0
b65t1l2,1,103.37999725,-6.0
b65t1l3,1,70.75,-7.450196469609086
b66t1l1,1,2862.95996094,-14.0
b66t1l2,1,54.90000153,-14.449257266817865
b66t1l3,1,45.47000122,-14.449257266817865
b67t1l1,1,665.0,-8.689001313225956
b67t1l2,1,606.90002441,-8.689001313225956
b67t1l3,1,39.38000107,-8.689001313225956
b68t1l1,1,1309.63000488,-10.0
b68t1l2,1,49.52999878,-10.661453100503046
b68t1l3,1,40.15000153,-10.661453100503046
b69t1l1,1,2785.31005859,-9.0
b69t1l2,1,93.19999695,-10.920095199979214
b69t1l3,1,68.97000122,-10.920095199979214
b70t1l1,1,1072.81005859,-5.0
b70t1l2,1,118.69999695,-5.830335942149895
b70t1l3,1,54.41999817,-5.830335942149895
b71t1l1,1,592.23999023,-4.0
b71t1l2,1,72.19999695,-4.020389357279782
b71t1l3,1,39.38000107,-4.020389357279782
b72t1l1,1,2988.76000977,-6.0
b72t1l2,1,74.02999878,-10.0
b72t1l3,1,25.57999992,-11.251218782242272
b73t1l1,1,770.53997803,-14.0
b73t1l2,1,67.80000305,-17.639911599889626
b73t1l3,1,39.38000107,-17.639911599889626
b74t1l1,1,1895.43005371,-9.0
b74t1l2,1,113.97000122,-11.0
b74t1l3,1,28.72999954,-12.949555290833562
b75t1l1,1,1288.77001953,-15.0
b75t1l2,1,82.93000031,-16.091048112406405
b75t1l3,1,39.20000076,-16.091048112406405
b76t1l1,1,662.86999512,-7.0
b76t1l2,1,47.16999817,-8.0
b76t1l3,1,38.58000183,-9.2802441137377
b77t1l1,1,2915.48999023,-25.0
b77t1l2,1,54.58000183,-29.0
b77t1l3,1,33.08000183,-30.451817729585507
b78t1l1,1,770.08001709,-15.0
b78t1l2,1,99.56999969,-19.0
b78t1l3,1,44.77999878,-21.311971386630024
b79t1l1,1,942.17999268,-4.0
b79t1l2,1,657.40002441,-5.0
b79t1l3,1,95.40000153,-5.329564900103858
b80t1l1,1,305.48001099,-10.0
b80t1l2,1,48.29999924,-13.0
b80t1l3,1,39.38000107,-14.310821120432315
b81t1l1,1,1328.31994629,-11.0
b81t1l2,1,140.38000488,-11.63098126256565
b81t1l3,1,38.34999847,-11.63098126256565
b82t1l1,1,1533.97998047,-11.0
b82t1l2,1,48.52999878,-13.0
b82t1l3,1,39.38000107,-15.190214257936784
b83t1l1,1,1221.9699707,-9.0
b83t1l2,1,125.02999878,-9.619896964134508
b83t1l3,1,80.0,-9.619896964134508
b84t1l1,1,372.61999512,-20.0
b84t1l2,1,42.34999847,-23.340006519244408
b84t1l3,1,39.72000122,-23.340006519244408
b85t1l1,1,2380.67993164,-18.0
b85t1l2,1,76.15000153,-20.8802952461752
b85t1l3,1,38.83000183,-20.8802952461752
b86t1l1,1,658.90997314,-33.0
b86t1l2,1,86.52999878,-37.96039829737561
b86t1l3,1,39.38000107,-37.96039829737561
b87t1l1,1,423.33999634,-7.0
b87t1l2,1,534.0,-8.0
b87t1l3,1,76.0,-9.360475790676203
b88t1l1,1,1122.18994141,-9.350607962538412
b88t1l2,1,128.44999695,-9.350607962538412
b88t1l3,1,35.91999817,-9.350607962538412
b89t1l1,1,2827.08007813,-10.0
b89t1l2,1,128.75,-12.0
b89t1l3,1,71.31999969,-14.970982018201195
b90t1l1,1,1213.2199707,-6.0
b90t1l2,1,96.68000031,-8.0
b90t1l3,1,38.83000183,-11.070211283856557
b91t1l1,1,1516.63000488,-6.0
b91t1l2,1,210.75999451,-6.899217687551956
b91t1l3,1,29.39999962,-6.899217687551956
b92t1l1,1,1863.26000977,-4.0
b92t1l2,1,62.90000153,-5.0
b92t1l3,1,23.07999992,-5.940924963847844
b93t1l1,1,1324.0,-38.0
b93t1l2,1,87.31999969,-47.43228103630614
b93t1l3,1,39.38000107,-47.43228103630614
b94t1l1,1,1036.64001465,-6.0
b94t1l2,1,55.02999878,-9.379173448456077
b94t1l3,1,39.38000107,-9.379173448456077
b95t1l1,1,806.28997803,-7.0
b95t1l2,1,43.95000076,-7.989903014324097
b95t1l3,1,39.38000107,-7.989903014324097
b96t1l1,1,1651.56994629,-9.379937116618706
b96t1l2,1,386.79000854,-9.379937116618706
b96t1l3,1,66.27999878,-9.379937116618706
b97t1l1,1,1610.84997559,-10.0
b97t1l2,1,79.37999725,-12.0
b97t1l3,1,23.29999924,-14.051474806836298
b98t1l1,1,2683.01000977,-18.0
b98t1l2,1,101.15000153,-39.0
b98t1l3,1,39.38000107,-42.01235704200868
b99t1l1,1,540.23999023,-29.0
b99t1l2,1,96.34999847,-48.611160627351445
b99t1l3,1,76.5,-48.611160627351445
b100t1l1,1,1522.68005371,-49.0
b100t1l2,1,72.34999847,-52.24196468413025
b100t1l3,1,50.33000183,-52.24196468413025
b101t1l1,1,1832.34997559,-14.0
b101t1l2,1,134.38000488,-15.89178887532916
b101t1l3,1,49.16999817,-15.89178887532916
b102t1l1,1,1574.19995117,-23.0
b102t1l2,1,120.40000153,-24.850922662900754
b102t1l3,1,94.15000153,-24.850922662900754
b103t1l1,1,1816.69995117,-7.0
b103t1l2,1,109.25,-8.290981830119957
b103t1l3,1,28.72999954,-8.290981830119957
b104t1l1,1,1425.81994629,-14.0
b104t1l2,1,73.02999878,-17.640831342884695
b104t1l3,1,60.25,-17.640831342884695
b105t1l1,1,641.42999268,-9.0
b105t1l2,1,80.77999878,-9.620912805725295
b105t1l3,1,64.31999969,-9.620912805725295
b106t1l1,1,2536.47998047,-17.0
b106t1l2,1,370.41000366,-17.719867093711404
b106t1l3,1,21.70000076,-17.719867093711404
b107t1l1,1,2545.34008789,-37.0
b107t1l2,1,89.81999969,-38.84212209027875
b107t1l3,1,38.40000153,-38.84212209027875
b108t1l1,1,241.72999573,-55.0
b108t1l2,1,88.80000305,-68.43313631461211
b108t1l3,1,45.65000153,-68.43313631461211
b109t1l1,1,1617.32995605,-8.0
b109t1l2,1,55.88000107,-9.799432174719778
b109t1l3,1,32.58000183,-9.799432174719778
b110t1l1,1,1148.27001953,-17.0
b110t1l2,1,72.12999725,-20.602023386400756
b110t1l3,1,30.17000008,-20.602023386400756
b111t1l1,1,1835.5,-4.0
b111t1l2,1,127.30000305,-4.720327769682813
b111t1l3,1,65.43000031,-4.720327769682813
b112t1l1,1,579.40002441,-17.0
b112t1l2,1,112.56999969,-20.60022550468902
b112t1l3,1,39.41999817,-20.60022550468902
b113t1l1,1,720.04998779,-25.0
b113t1l2,1,75.68000031,-29.0
b113t1l3,1,36.77999878,-30.452148653642777
b114t1l1,1,1866.64001465,-10.0
b114t1l2,1,113.52999878,-12.0
b114t1l3,1,92.55000305,-14.971296108685216
b115t1l1,1,1428.56005859,-34.0
b115t1l2,1,58.75,-40.0
b115t1l3,1,48.47000122,-40.87243201477046
b116t1l1,1,1933.31005859,-22.0
b116t1l2,1,88.47000122,-23.180579041604997
b116t1l3,1,33.95000076,-23.180579041604997
b117t1l1,1,1568.56005859,-11.0
b117t1l2,1,63.27999878,-24.0
b117t1l3,1,29.27000046,-26.080785437685226
b118t1l1,1,1532.08996582,-9.0
b118t1l2,1,95.94999695,-10.919941128605975
b118t1l3,1,74.68000031,-10.919941128605975
b119t1l1,1,1619.08996582,-8.0
b119t1l2,1,128.94999695,-9.801349574245867
b119t1l3,1,30.02000046,-9.801349574245867
b120t1l1,1,2551.67993164,-9.0
b120t1l2,1,113.80000305,-10.0
b120t1l3,1,53.59999847,-10.161273155834294
b121t1l1,1,1860.18994141,-10.0
b121t1l2,1,68.05000305,-12.0
b121t1l3,1,34.88000107,-13.680156547118765
b122t1l1,1,2568.82006836,-3.0
b122t1l2,1,534.75,-5.0
b122t1l3,1,48.52999878,-5.099692134270203
b123t1l1,1,555.53997803,-15.0
b123t1l2,1,132.80000305,-18.13122278503731
b123t1l3,1,39.38000107,-18.13122278503731
b124t1l1,1,1581.16003418,-3.0
b124t1l2,1,504.0,-4.0
b124t1l3,1,78.75,-4.510873319635259
b125t1l1,1,822.15997314,-8.0
b125t1l2,1,104.55000305,-10.11070569804848
b125t1l3,1,51.58000183,-10.11070569804848
b126t1l1,1,2511.32006836,-13.0
b126t1l2,1,131.75,-24.0
b126t1l3,1,28.17000008,-24.250981450641785
b127t1l1,1,1148.11999512,-12.0
b127t1l2,1,100.12999725,-12.329521546880361
b127t1l3,1,67.18000031,-12.329521546880361
b128t1l1,1,2582.87011719,-13.0
b128t1l2,1,99.75,-14.14180660428723
b128t1l3,1,39.38000107,-14.14180660428723
b129t1l1,1,997.04998779,-13.0
b129t1l2,1,120.55000305,-14.139727723957737
b129t1l3,1,28.39999962,-14.139727723957737
b130t1l1,1,1433.91003418,-19.0
b130t1l2,1,74.02999878,-20.151196955642895
b130t1l3,1,39.38000107,-20.151196955642895
b131t1l1,1,1547.43005371,-29.0
b131t1l2,1,127.90000153,-34.0
b131t1l3,1,20.47999954,-35.01083876944942
b132t1l1,1,2481.02001953,-14.0
b132t1l2,1,140.52000427,-17.64074131646492
b132t1l3,1,52.97000122,-17.64074131646492
b133t1l1,1,1007.39001465,-3.0
b133t1l2,1,214.25999451,-3.0
b133t1l3,1,53.84999847,-3.930905004066284
b134t1l1,1,2132.87011719,-4.0
b134t1l2,1,88.27999878,-4.329838910810661
b134t1l3,1,43.40000153,-4.329838910810661
b135t1l1,1,2321.7199707,-24.0
b135t1l2,1,114.44999695,-55.0
b135t1l3,1,95.09999847,-58.73314067106128
b136t1l1,1,1333.54003906,-21.0
b136t1l2,1,87.15000153,-47.0
b136t1l3,1,70.94999695,-50.231776867544795
b137t1l1,1,2193.91992188,-19.0
b137t1l2,1,96.52999878,-21.961906313463025
b137t1l3,1,73.5,-21.961906313463025
b138t1l1,1,786.21002197,-11.0
b138t1l2,1,57.90000153,-14.0
b138t1l3,1,24.27000046,-16.059830499146997
b139t1l1,1,1106.19995117,-17.0
b139t1l2,1,135.92999268,-20.0
b139t1l3,1,58.83000183,-20.580137735324843
b140t1l1,1,1846.77001953,-23.0
b140t1l2,1,48.20000076,-26.081781948994863
b140t1l3,1,25.64999962,-26.081781948994863
b141t1l1,1,2278.04003906,-11.0
b141t1l2,1,108.87999725,-13.0
b141t1l3,1,34.29999924,-15.191037063260318
b142t1l1,1,553.08001709,-18.0
b142t1l2,1,63.5,-23.011783422546095
b142t1l3,1,43.52999878,-23.011783422546095
b143t1l1,1,1008.26000977,-36.0
b143t1l2,1,55.47000122,-45.05282389273644
b143t1l3,1,26.77000046,-45.05282389273644
b144t1l1,1,1711.82995605,-13.0
b144t1l2,1,104.65000153,-15.690016207166137
b144t1l3,1,61.72000122,-15.690016207166137
b145t1l1,1,573.78997803,-27.0
b145t1l2,1,102.56999969,-34.20164650510186
b145t1l3,1,60.33000183,-34.20164650510186
b146t1l1,1,962.78997803,-10.0
b146t1l2,1,100.97000122,-11.0
b146t1l3,1,63.97000122,-11.509534890011704
b147t1l1,1,1718.41003418,-22.0
b147t1l2,1,72.18000031,-23.78029878307289
b147t1l3,1,55.16999817,-23.78029878307289
b148t1l1,1,858.16998291,-4.0
b148t1l2,1,139.42999268,-4.0
b148t1l3,1,78.87999725,-4.489369263981833
b149t1l1,1,2312.04003906,-7.0
b149t1l2,1,49.20000076,-8.0
b149t1l3,1,23.22999954,-9.28052241846335
b150t1l1,1,368.92001343,-12.0
b150t1l2,1,263.54000854,-12.41062222942249
b150t1l3,1,25.10000038,-12.41062222942249
b151t1l1,1,972.70001221,-13.0
b151t1l2,1,74.47000122,-28.0
b151t1l3,1,19.60000038,-29.941647380237995
b152t1l1,1,709.13000488,-5.0
b152t1l2,1,107.77999878,-6.0
b152t1l3,1,72.18000031,-8.99059154136787
b153t1l1,1,504.44000244,-3.0
b153t1l2,1,359.79000854,-3.609354226858105
b153t1l3,1,53.52999878,-3.609354226858105
b154t1l1,1,1146.14001465,-22.0
b154t1l2,1,134.92999268,-25.0
b154t1l3,1,39.02999878,-25.97021986955354
b155t1l1,1,1976.76000977,-18.0
b155t1l2,1,504.6499939,-18.639576156016535
b155t1l3,1,83.43000031,-18.639576156016535
b156t1l1,1,1295.73999023,-6.470153652182321
b156t1l2,1,65.40000153,-6.470153652182321
b156t1l3,1,32.29999924,-6.470153652182321
b157t1l1,1,1070.43005371,-10.0
b157t1l2,1,64.37999725,-11.0
b157t1l3,1,25.35000038,-11.709746904887986
b158t1l1,1,150.0,-12.0
b158t1l2,1,113.12999725,-12.87025531610337
b158t1l3,1,39.38000107,-12.87025531610337
b159t1l1,1,2523.97998047,-22.0
b159t1l2,1,74.02999878,-26.0
b159t1l3,1,26.37999916,-26.750660135469015
b160t1l1,1,1650.82995605,-16.0
b160t1l2,1,416.94000244,-17.720642364302396
b160t1l3,1,90.80000305,-17.720642364302396
b161t1l1,1,380.6499939,-3.0
b161t1l2,1,126.94999695,-4.0
b161t1l3,1,19.10000038,-5.140888030738155
b162t1l1,1,1095.55004883,-27.0
b162t1l2,1,80.22000122,-30.31126865348774
b162t1l3,1,39.38000107,-30.31126865348774
b163t1l1,1,241.47000122,-11.0
b163t1l2,1,94.27999878,-25.0
b163t1l3,1,39.38000107,-26.339450210421482
b164t1l1,1,2177.04003906,-9.0
b164t1l2,1,114.69999695,-11.0
b164t1l3,1,49.47000122,-12.951317995350783
b165t1l1,1,671.09997559,-25.0
b165t1l2,1,67.09999847,-55.0
b165t1l3,1,42.63000107,-59.20157196236152
b166t1l1,1,2227.4699707,-5.0
b166t1l2,1,77.62999725,-7.0
b166t1l3,1,35.58000183,-7.399734995221927
b167t1l1,1,670.28997803,-25.0
b167t1l2,1,74.02999878,-56.0
b167t1l3,1,19.95000076,-59.824401997955626
b168t1l1,1,806.90997314,-38.0
b168t1l2,1,73.72000122,-85.0
b168t1l3,1,56.58000183,-90.90389107625813
b169t1l1,1,1624.40002441,-15.0
b169t1l2,1,135.3500061,-34.0
b169t1l3,1,59.65000153,-36.04199953473191
b170t1l1,1,2393.73999023,-6.510885647640341
b170t1l2,1,53.22000122,-6.510885647640341
b170t1l3,1,27.72999954,-6.510885647640341
b171t1l1,1,2105.65991211,-47.0
b171t1l2,1,70.44999695,-49.35198674917704
b171t1l3,1,30.70000076,-49.35198674917704
b172t1l1,1,475.26998901,-19.0
b172t1l2,1,608.90002441,-20.150224942020557
b172t1l3,1,39.38000107,-20.150224942020557
b173t1l1,1,1425.48999023,-58.0
b173t1l2,1,61.27999878,-66.6426643997472
b173t1l3,1,49.22000122,-66.6426643997472
b174t1l1,1,1448.66003418,-9.0
b174t1l2,1,108.52999878,-11.0
b174t1l3,1,31.04999924,-11.28124872664418
b175t1l1,1,403.29998779,-22.0
b175t1l2,1,98.47000122,-23.78105553175309
b175t1l3,1,39.38000107,-23.78105553175309
b176t1l1,1,1601.7800293,-9.0
b176t1l2,1,104.62999725,-11.448968675144759
b176t1l3,1,59.97000122,-11.448968675144759
b177t1l1,1,2057.59008789,-22.0
b177t1l2,1,320.04000854,-23.51039956119088
b177t1l3,1,53.45000076,-23.51039956119088
b178t1l1,1,2316.89990234,-7.0
b178t1l2,1,110.75,-13.0
b178t1l3,1,40.95000076,-17.720619422441242
b179t1l1,1,1254.33996582,-6.0
b179t1l2,1,65.40000153,-12.0
b179t1l3,1,32.84999847,-12.981208055145968
b180t1l1,1,1496.39001465,-29.0
b180t1l2,1,106.30000305,-33.200398860747576
b180t1l3,1,41.65000153,-33.200398860747576
b181t1l1,1,407.73999023,-11.0
b181t1l2,1,91.0,-25.0
b181t1l3,1,34.95000076,-26.670550134332956
b182t1l1,1,2752.68994141,-21.0
b182t1l2,1,55.20000076,-46.0
b182t1l3,1,34.83000183,-49.77345508385595
b183t1l1,1,2918.82006836,-13.0
b183t1l2,1,70.44999695,-24.0
b183t1l3,1,50.45000076,-32.631385885265054
b184t1l1,1,738.69000244,-6.0
b184t1l2,1,50.65000153,-7.0
b184t1l3,1,39.25,-8.499313098336044
b185t1l1,1,1396.91003418,-10.0
b185t1l2,1,61.5,-11.0
b185t1l3,1,42.34999847,-11.710335637969777
b186t1l1,1,1942.58996582,-14.0
b186t1l2,1,99.5,-17.0
b186t1l3,1,54.65000153,-19.90976538638484
b187t1l1,1,590.75,-12.0
b187t1l2,1,114.55000305,-27.0
b187t1l3,1,40.63000107,-28.66141309990298
b188t1l1,1,798.7199707,-22.0
b188t1l2,1,79.84999847,-28.0
b188t1l3,1,22.25,-32.14233434065998
b189t1l1,1,1372.57995605,-16.0
b189t1l2,1,68.44999695,-35.0
b189t1l3,1,34.22000122,-37.77200915939905
b190t1l1,1,2495.97998047,-21.0
b190t1l2,1,106.15000153,-46.0
b190t1l3,1,31.02000046,-49.6938953610059
b191t1l1,1,2006.38000488,-17.0
b191t1l2,1,45.15000153,-22.0
b191t1l3,1,39.38000107,-24.850774175847892
b192t1l1,1,2841.17993164,-13.0
b192t1l2,1,133.13000488,-13.460122829415875
b192t1l3,1,77.34999847,-13.460122829415875
b193t1l1,1,2808.27001953,-8.0
b193t1l2,1,69.18000031,-10.0
b193t1l3,1,46.52999878,-11.020782045171675
b194t1l1,1,2138.39990234,-10.0
b194t1l2,1,123.90000153,-10.659704075866264
b194t1l3,1,93.15000153,-10.659704075866264
b195t1l1,1,2437.16992188,-19.0
b195t1l2,1,78.34999847,-19.711227599273663
b195t1l3,1,46.75,-19.711227599273663
b196t1l1,1,1707.92004395,-15.0
b196t1l2,1,104.02999878,-15.451357323173234
b196t1l3,1,30.79999924,-15.451357323173234
b197t1l1,1,2566.43994141,-15.0
b197t1l2,1,58.33000183,-16.09146307865298
b197t1l3,1,43.5,-16.09146307865298
b198t1l1,1,2094.43994141,-9.0
b198t1l2,1,141.38000488,-9.419046243536336
b198t1l3,1,63.63000107,-9.419046243536336
b199t1l1,1,1376.08996582,-5.0
b199t1l2,1,98.87999725,-6.0
b199t1l3,1,65.22000122,-6.12051398009017
b200t1l1,1,1910.81994629,-21.0
b200t1l2,1,342.54000854,-23.50988258030361
b200t1l3,1,26.37999916,-23.50988258030361
b201t1l1,1,305.64001465,-5.0
b201t1l2,1,140.07000732,-5.830045951267237
b201t1l3,1,33.15000153,-5.830045951267237
b202t1l1,1,2090.55004883,-22.0
b202t1l2,1,107.0,-23.78058987779385
b202t1l3,1,43.02999878,-23.78058987779385
b203t1l1,1,2069.12011719,-4.0
b203t1l2,1,96.09999847,-6.0
b203t1l3,1,74.40000153,-7.309906335102156
b204t1l1,1,2038.01000977,-8.0
b204t1l2,1,41.04999924,-9.72029103259862
b204t1l3,1,26.22999954,-9.72029103259862
b205t1l1,1,2089.97998047,-15.0
b205t1l2,1,74.02999878,-22.0
b205t1l3,1,39.38000107,-24.63958415053923
b206t1l1,1,2336.59008789,-10.0
b206t1l2,1,54.15000153,-12.0
b206t1l3,1,34.45000076,-14.211666343283445
b207t1l1,1,816.53997803,-8.0
b207t1l2,1,88.40000153,-10.0
b207t1l3,1,25.42000008,-10.090334195338665
b208t1l1,1,826.4699707,-22.0
b208t1l2,1,85.81999969,-25.0
b208t1l3,1,39.77999878,-25.9716205607581
b209t1l1,1,1653.15002441,-16.0
b209t1l2,1,86.69999695,-17.72033448386693
b209t1l3,1,43.47000122,-17.72033448386693
b210t1l1,1,2441.85009766,-12.0
b210t1l2,1,99.97000122,-12.871347694004255
b210t1l3,1,57.88000107,-12.871347694004255
b211t1l1,1,2764.81005859,-9.37990160509717
b211t1l2,1,53.16999817,-9.37990160509717
b211t1l3,1,20.22999954,-9.37990160509717
b212t1l1,1,715.45001221,-20.0
b212t1l2,1,75.40000153,-23.0
b212t1l3,1,30.17000008,-23.511664830125067
b213t1l1,1,799.23999023,-5.0
b213t1l2,1,71.87999725,-6.0
b213t1l3,1,50.77999878,-8.99146194189003
b214t1l1,1,628.78997803,-13.249703681915982
b214t1l2,1,56.66999817,-13.249703681915982
b214t1l3,1,20.77000046,-13.249703681915982
b215t1l1,1,1650.18994141,-5.0
b215t1l2,1,66.47000122,-6.0
b215t1l3,1,39.38000107,-8.990220944452412
b216t1l1,1,2357.44995117,-11.0
b216t1l2,1,53.72000122,-13.0
b216t1l3,1,43.88000107,-13.660713039852107
b217t1l1,1,2771.30004883,-117.0
b217t1l2,1,75.02999878,-124.74500513102862
b217t1l3,1,44.54999924,-124.74500513102862
b218t1l1,1,1077.47998047,-6.0
b218t1l2,1,74.02999878,-14.0
b218t1l3,1,39.38000107,-14.528215077283845
b219t1l1,1,2150.55004883,-12.0
b219t1l2,1,74.02999878,-14.0
b219t1l3,1,39.38000107,-17.050768184731524
b220t1l1,1,475.6000061,-10.0
b220t1l2,1,119.18000031,-12.0
b220t1l3,1,88.06999969,-14.971168778526026
b221t1l1,1,2544.13989258,-5.0
b221t1l2,1,131.30000305,-5.179355691707771
b221t1l3,1,30.85000038,-5.179355691707771
b222t1l1,1,1138.20996094,-10.0
b222t1l2,1,67.90000153,-21.0
b222t1l3,1,49.22000122,-22.740540110222817
b223t1l1,1,2541.84008789,-17.0
b223t1l2,1,100.94999695,-26.340218526192803
b223t1l3,1,30.29999924,-26.340218526192803
b224t1l1,1,475.8500061,-2.0
b224t1l2,1,115.34999847,-2.0
b224t1l3,1,25.37999916,-2.7590561848574366
b225t1l1,1,277.42999268,-15.0
b225t1l2,1,103.22000122,-15.451384568396323
b225t1l3,1,39.75,-15.451384568396323
b226t1l1,1,1216.45996094,-17.0
b226t1l2,1,87.62999725,-19.790581210876073
b226t1l3,1,62.72000122,-19.790581210876073
b227t1l1,1,2410.62988281,-9.0
b227t1l2,1,74.02999878,-10.609867059115334
b227t1l3,1,18.52000046,-10.609867059115334
b228t1l1,1,1789.86999512,-4.0
b228t1l2,1,76.34999847,-6.0
b228t1l3,1,39.38000107,-7.389472235664911
b229t1l1,1,1874.39001465,-2.0
b229t1l2,1,74.12999725,-3.0
b229t1l3,1,21.42000008,-4.480197679868487
b230t1l1,1,1875.15002441,-4.0
b230t1l2,1,91.62999725,-4.3000543316650806
b230t1l3,1,43.09999847,-4.3000543316650806
b231t1l1,1,2422.44995117,-9.0
b231t1l2,1,105.90000153,-11.0
b231t1l3,1,32.33000183,-13.070518638725067
b232t1l1,1,1306.90002441,-16.0
b232t1l2,1,67.72000122,-17.72193430943334
b232t1l3,1,46.25,-17.72193430943334
b233t1l1,1,2974.83007812,-15.0
b233t1l2,1,74.02999878,-15.850201401189697
b233t1l3,1,39.38000107,-15.850201401189697
b234t1l1,1,1986.36999512,-25.0
b234t1l2,1,105.62999725,-57.0
b234t1l3,1,83.05000305,-60.610655895631396
b235t1l1,1,2351.55004883,-17.0
b235t1l2,1,63.20000076,-21.4320605904142
b235t1l3,1,45.02999878,-21.4320605904142
b236t1l1,1,2919.67993164,-7.0
b236t1l2,1,51.02999878,-8.0
b236t1l3,1,22.25,-9.281310856342117
b237t1l1,1,1385.92004395,-26.0
b237t1l2,1,72.22000122,-31.981746833225266
b237t1l3,1,45.45000076,-31.981746833225266
b238t1l1,1,2098.12988281,-12.0
b238t1l2,1,86.52999878,-17.0
b238t1l3,1,40.41999817,-18.511163339348354
b239t1l1,1,1635.20996094,-4.0
b239t1l2,1,110.18000031,-4.329497484911782
b239t1l3,1,48.08000183,-4.329497484911782
b240t1l1,1,1936.65002441,-7.0
b240t1l2,1,113.37999725,-9.0
b240t1l3,1,76.44999695,-10.280197946182755
b241t1l1,1,285.04998779,-15.0
b241t1l2,1,83.31999969,-23.01144492337647
b241t1l3,1,21.62999916,-23.01144492337647
b242t1l1,1,389.95999146,-23.0
b242t1l2,1,95.65000153,-38.722699552211594
b242t1l3,1,25.42000008,-38.722699552211594
b243t1l1,1,2152.19995117,-35.0
b243t1l2,1,51.97000122,-36.78140317257042
b243t1l3,1,31.89999962,-36.78140317257042
b244t1l1,1,1744.27001953,-9.0
b244t1l2,1,98.02999878,-10.0
b244t1l3,1,63.97000122,-10.159927502397126
b245t1l1,1,2096.58007813,-30.0
b245t1l2,1,74.02999878,-37.272713771848416
b245t1l3,1,39.38000107,-37.272713771848416
b246t1l1,1,2284.91992188,-10.0
b246t1l2,1,138.38000488,-12.741321470401797
b246t1l3,1,41.97000122,-12.741321470401797
b247t1l1,1,472.47000122,-18.0
b247t1l2,1,134.27000427,-41.0
b247t1l3,1,59.72000122,-43.43042205799197
b248t1l1,1,1688.51000977,-9.0
b248t1l2,1,47.41999817,-10.260883894429936
b248t1l3,1,39.38000107,-10.260883894429936
b249t1l1,1,514.97998047,-17.0
b249t1l2,1,138.3500061,-20.841045111485457
b249t1l3,1,87.47000122,-20.841045111485457
b250t1l1,1,1529.38000488,-9.0
b250t1l2,1,90.55000305,-11.0
b250t1l3,1,39.38000107,-12.949840966540188
b251t1l1,1,2697.45996094,-34.0
b251t1l2,1,72.25,-41.92097580192947
b251t1l3,1,43.27999878,-41.92097580192947
b252t1l1,1,1417.43994141,-3.0
b252t1l2,1,76.05000305,-3.6113614389153947
b252t1l3,1,18.97999954,-3.6113614389153947
b253t1l1,1,1979.08996582,-13.0
b253t1l2,1,84.72000122,-30.0
b253t1l3,1,41.13000107,-32.142287600869906
b254t1l1,1,1474.47998047,-15.0
b254t1l2,1,73.22000122,-20.0
b254t1l3,1,54.58000183,-23.36143059725427
b255t1l1,1,2733.16992188,-18.0
b255t1l2,1,111.56999969,-18.811390280755358
b255t1l3,1,35.0,-18.811390280755358
b256t1l1,1,748.65002441,-24.0
b256t1l2,1,83.31999969,-25.972046745821064
b256t1l3,1,60.27999878,-25.972046745821064
b257t1l1,1,730.29998779,-18.0
b257t1l2,1,100.56999969,-40.0
b257t1l3,1,32.34999847,-42.5028480505624
b258t1l1,1,1868.0300293,-9.0
b258t1l2,1,101.69999695,-11.0
b258t1l3,1,22.20000076,-13.0801652967063
b259t1l1,1,983.36999512,-23.0
b259t1l2,1,75.43000031,-53.0
b259t1l3,1,37.22000122,-56.363057221419126
b260t1l1,1,2281.56005859,-8.0
b260t1l2,1,62.59999847,-10.0
b260t1l3,1,47.66999817,-11.489670804214484
b261t1l1,1,2939.72998047,-10.0
b261t1l2,1,52.16999817,-12.0
b261t1l3,1,34.16999817,-13.600451706739088
b262t1l1,1,2213.05004883,-3.0
b262t1l2,1,113.43000031,-5.0
b262t1l3,1,71.65000153,-5.6506847570056955
b263t1l1,1,581.66998291,-6.0
b263t1l2,1,75.40000153,-6.280224970548111
b263t1l3,1,39.95000076,-6.280224970548111
b264t1l1,1,647.59997559,-11.0
b264t1l2,1,129.6499939,-11.631692112962867
b264t1l3,1,94.47000122,-11.631692112962867
b265t1l1,1,661.13000488,-30.0
b265t1l2,1,74.02999878,-34.49228220553863
b265t1l3,1,25.27000046,-34.49228220553863
b266t1l1,1,1805.56994629,-7.0
b266t1l2,1,90.90000153,-7.990823679993955
b266t1l3,1,42.72000122,-7.990823679993955
b267t1l1,1,2733.62011719,-12.0
b267t1l2,1,97.75,-12.871680815742607
b267t1l3,1,44.88000107,-12.871680815742607
b268t1l1,1,1695.85998535,-2.0
b268t1l2,1,79.40000153,-2.0
b268t1l3,1,19.47999954,-3.0100324613629943
b269t1l1,1,2767.33007813,-52.0
b269t1l2,1,76.34999847,-55.03416105778277
b269t1l3,1,46.91999817,-55.03416105778277
b270t1l1,1,591.80999756,-24.0
b270t1l2,1,88.77999878,-25.84163554062743
b270t1l3,1,57.72000122,-25.84163554062743
b271t1l1,1,2579.43994141,-23.0
b271t1l2,1,89.69999695,-29.211614681163294
b271t1l3,1,44.16999817,-29.211614681163294
b272t1l1,1,2747.51000977,-13.0
b272t1l2,1,528.0,-13.379258507892287
b272t1l3,1,48.84999847,-13.379258507892287
b273t1l1,1,2689.19995117,-6.0
b273t1l2,1,714.25,-7.0
b273t1l3,1,74.30000305,-8.269916618815227
b274t1l1,1,2741.27001953,-8.0
b274t1l2,1,94.15000153,-9.839682295064552
b274t1l3,1,27.07999992,-9.839682295064552
b275t1l1,1,1331.83996582,-18.0
b275t1l2,1,557.34997559,-23.0
b275t1l3,1,60.59999847,-26.261276866102513
b276t1l1,1,467.66000366,-20.0
b276t1l2,1,88.81999969,-22.44083361144664
b276t1l3,1,20.79999924,-22.44083361144664
b277t1l1,1,2646.60009766,-3.0
b277t1l2,1,532.84997559,-5.0
b277t1l3,1,30.47999954,-5.320620907237311
b278t1l1,1,1250.60998535,-9.0
b278t1l2,1,126.93000031,-9.819767812914932
b278t1l3,1,94.06999969,-9.819767812914932
b279t1l1,1,1117.41003418,-10.0
b279t1l2,1,87.93000031,-12.0
b279t1l3,1,66.30000305,-14.971233050603958
b280t1l1,1,978.10998535,-6.899449922271984
b280t1l2,1,60.25,-6.899449922271984
b280t1l3,1,33.97000122,-6.899449922271984
b281t1l1,1,2855.18994141,-12.0
b281t1l2,1,83.12999725,-15.021684361730474
b281t1l3,1,44.22000122,-15.021684361730474
b282t1l1,1,2212.0300293,-2.0
b282t1l2,1,65.26000214,-1.0
b282t1l3,1,52.5,-2.0
b283t1l1,1,1550.11999512,-43.0
b283t1l2,1,65.25,-45.94274116950187
b283t1l3,1,39.38000107,-45.94274116950187
b284t1l1,1,2964.67993164,-22.0
b284t1l2,1,103.55000305,-25.0
b284t1l3,1,85.72000122,-26.080766156075807
b285t1l1,1,2180.66992188,-12.0
b285t1l2,1,95.19999695,-14.020854673034432
b285t1l3,1,73.31999969,-14.020854673034432
b286t1l1,1,370.57000732,-9.0
b286t1l2,1,106.37999725,-10.0
b286t1l3,1,39.38000107,-10.159737925080542
b287t1l1,1,1036.26000977,-21.0
b287t1l2,1,74.02999878,-26.340987319981327
b287t1l3,1,39.38000107,-26.340987319981327
b288t1l1,1,305.82998657,-35.0
b288t1l2,1,133.3500061,-43.082458912298726
b288t1l3,1,87.47000122,-43.082458912298726
b289t1l1,1,2762.62988281,-15.0
b289t1l2,1,49.20000076,-15.449602631311262
b289t1l3,1,38.95000076,-15.449602631311262
b290t1l1,1,762.92999268,-23.0
b290t1l2,1,55.38000107,-52.0
b290t1l3,1,24.77000046,-55.24275880371706
b291t1l1,1,2085.33007813,-2.0
b291t1l2,1,74.02999878,-2.0
b291t1l3,1,39.38000107,-2.0
b292t1l1,1,2125.84008789,-23.0
b292t1l2,1,101.93000031,-24.85142918427301
b292t1l3,1,55.83000183,-24.85142918427301
b293t1l1,1,1827.77001953,-6.0
b293t1l2,1,76.87999725,-6.500326693619148
b293t1l3,1,48.15000153,-6.500326693619148
b294t1l1,1,1232.67004395,-9.0
b294t1l2,1,98.40000153,-9.80983405275447
b294t1l3,1,39.38000107,-9.80983405275447
b295t1l1,1,1995.47998047,-20.0
b295t1l2,1,91.40000153,-21.19182443995618
b295t1l3,1,39.79999924,-21.19182443995618
b296t1l1,1,919.0300293,-2.0
b296t1l2,1,65.65000153,-2.0
b296t1l3,1,52.52999878,-2.0
b297t1l1,1,2822.10009766,-17.0
b297t1l2,1,88.09999847,-20.0
b297t1l3,1,23.0,-20.31129475101103
b298t1l1,1,333.3500061,-6.0
b298t1l2,1,113.69999695,-13.0
b298t1l3,1,67.97000122,-13.599718900256107
b299t1l1,1,1505.67004395,-28.0
b299t1l2,1,95.44999695,-35.0
b299t1l3,1,48.20000076,-40.051714403569974
b300t1l1,1,1929.20996094,-27.0
b300t1l2,1,88.68000031,-28.41120538163593
b300t1l3,1,48.84999847,-28.41120538163593
b301t1l1,1,1029.11999512,-12.0
b301t1l2,1,74.02999878,-14.021097138565537
b301t1l3,1,22.10000038,-14.021097138565537
b302t1l1,1,2104.37011719,-3.0
b302t1l2,1,47.40000153,-4.0
b302t1l3,1,36.02999878,-5.680004486556489
b303t1l1,1,1512.63000488,-10.0
b303t1l2,1,95.93000031,-12.80094514007695
b303t1l3,1,47.47000122,-12.80094514007695
b304t1l1,1,732.51000977,-15.0
b304t1l2,1,124.5,-18.19073762347106
b304t1l3,1,38.90000153,-18.19073762347106
b305t1l1,1,2830.17993164,-21.0
b305t1l2,1,428.3999939,-23.510606595199786
b305t1l3,1,46.52999878,-23.510606595199786
b306t1l1,1,2040.18005371,-23.0
b306t1l2,1,82.05000305,-26.080296227988804
b306t1l3,1,19.54999924,-26.080296227988804
b307t1l1,1,1347.5300293,-3.0
b307t1l2,1,90.30000305,-5.0
b307t1l3,1,33.25,-5.74040780889857
b308t1l1,1,1425.98999023,-5.0
b308t1l2,1,87.87999725,-9.0
b308t1l3,1,45.16999817,-11.758925475271194
b309t1l1,1,2753.68994141,-19.0
b309t1l2,1,82.72000122,-22.0
b309t1l3,1,45.34999847,-26.722271504501464
b310t1l1,1,2053.37988281,-21.0
b310t1l2,1,74.02999878,-26.341108472213868
b310t1l3,1,39.38000107,-26.341108472213868
b311t1l1,1,1358.27001953,-13.0
b311t1l2,1,82.81999969,-16.0
b311t1l3,1,55.95000076,-18.651220003492462
b312t1l1,1,318.04000854,-9.0
b312t1l2,1,46.47000122,-10.049453296227723
b312t1l3,1,39.38000107,-10.049453296227723
b313t1l1,1,875.7199707,-7.0
b313t1l2,1,136.3999939,-15.0
b313t1l3,1,45.08000183,-15.98044349104101
b314t1l1,1,2637.35009766,-7.0
b314t1l2,1,99.80000305,-15.0
b314t1l3,1,41.54999924,-15.921037685615163
b315t1l1,1,2599.30004883,-10.0
b315t1l2,1,116.30000305,-12.761452910807208
b315t1l3,1,55.88000107,-12.761452910807208
b316t1l1,1,2419.52001953,-21.0
b316t1l2,1,612.5,-22.089783087798985
b316t1l3,1,59.45000076,-22.089783087798985
b317t1l1,1,2016.56005859,-9.0
b317t1l2,1,642.15002441,-10.209634464025699
b317t1l3,1,56.04999924,-10.209634464025699
b318t1l1,1,2626.93994141,-11.0
b318t1l2,1,700.09997559,-11.179610423280112
b318t1l3,1,33.72000122,-11.179610423280112
b319t1l1,1,969.22998047,-10.0
b319t1l2,1,57.52999878,-10.22090128175106
b319t1l3,1,36.0,-10.22090128175106
b320t1l1,1,2280.86010742,-6.509054657440742
b320t1l2,1,415.3500061,-6.509054657440742
b320t1l3,1,42.88000107,-6.509054657440742
b321t1l1,1,2833.69995117,-20.0
b321t1l2,1,54.20000076,-21.18957570530324
b321t1l3,1,40.38000107,-21.18957570530324
b322t1l1,1,1309.5,-15.0
b322t1l2,1,86.31999969,-18.19017032794346
b322t1l3,1,44.16999817,-18.19017032794346
b323t1l1,1,1054.84997559,-15.0
b323t1l2,1,98.30000305,-18.189829625563718
b323t1l3,1,19.54999924,-18.189829625563718
b324t1l1,1,1577.75,-26.0
b324t1l2,1,52.33000183,-29.730181362315847
b324t1l3,1,38.41999817,-29.730181362315847
b325t1l1,1,886.32000732,-11.0
b325t1l2,1,109.27999878,-25.0
b325t1l3,1,61.90000153,-26.341108770780927
b326t1l1,1,1741.06994629,-4.0
b326t1l2,1,100.44999695,-5.0
b326t1l3,1,76.18000031,-5.940315213361244
b327t1l1,1,353.3999939,-10.0
b327t1l2,1,109.40000153,-23.0
b327t1l3,1,44.22000122,-24.72000908868317
b328t1l1,1,2880.17993164,-7.0
b328t1l2,1,613.25,-7.411477566606579
b328t1l3,1,75.81999969,-7.411477566606579
b329t1l1,1,2110.29003906,-12.0
b329t1l2,1,139.47999573,-13.899527682653742
b329t1l3,1,65.37999725,-13.899527682653742
b330t1l1,1,1745.23999023,-1.0
b330t1l2,1,129.94999695,-2.0
b330t1l3,1,88.15000153,-2.0
b331t1l1,1,2531.79003906,-6.0
b331t1l2,1,50.77999878,-8.0
b331t1l3,1,19.37999916,-8.871201733487315
b332t1l1,1,2734.37988281,-5.0
b332t1l2,1,44.29999924,-11.0
b332t1l3,1,19.39999962,-11.850282093358432
b333t1l1,1,1192.06005859,-7.0
b333t1l2,1,85.68000031,-9.0
b333t1l3,1,68.90000153,-10.420637357685044
b334t1l1,1,913.08001709,-8.0
b334t1l2,1,106.02999878,-9.719771658791965
b334t1l3,1,46.91999817,-9.719771658791965
b335t1l1,1,1638.29003906,-35.0
b335t1l2,1,95.02999878,-39.6819767995803
b335t1l3,1,33.13000107,-39.6819767995803
b336t1l1,1,619.35998535,-7.0
b336t1l2,1,71.06999969,-7.430893636913314
b336t1l3,1,37.38000107,-7.430893636913314
b337t1l1,1,1750.17004395,-35.0
b337t1l2,1,73.27999878,-40.332502682359866
b337t1l3,1,39.95000076,-40.332502682359866
b338t1l1,1,2260.64990234,-8.0
b338t1l2,1,112.65000153,-9.419812835922317
b338t1l3,1,39.38000107,-9.419812835922317
b339t1l1,1,2994.88989258,-9.0
b339t1l2,1,123.37999725,-10.0
b339t1l3,1,47.58000183,-10.45085695984845
b340t1l1,1,1074.83996582,-15.90086403177075
b340t1l2,1,51.09999847,-15.90086403177075
b340t1l3,1,38.47000122,-15.90086403177075
b341t1l1,1,2639.97998047,-2.0
b341t1l2,1,92.43000031,-2.0
b341t1l3,1,29.20000076,-2.0
b342t1l1,1,1459.75,-6.0
b342t1l2,1,98.09999847,-9.0
b342t1l3,1,39.38000107,-9.77090254304497
b343t1l1,1,2778.05004883,-2.0
b343t1l2,1,50.15000153,-5.0
b343t1l3,1,39.38000107,-11.760393661181965
b344t1l1,1,932.35998535,-10.0
b344t1l2,1,215.69999695,-10.119585790329722
b344t1l3,1,38.29999924,-10.119585790329722
b345t1l1,1,2755.85009766,-24.0
b345t1l2,1,97.69999695,-25.841445108787156
b345t1l3,1,71.06999969,-25.841445108787156
b346t1l1,1,2771.65991211,-37.0
b346t1l2,1,86.52999878,-45.832993957655674
b346t1l3,1,28.77000046,-45.832993957655674
b347t1l1,1,737.88000488,-7.0
b347t1l2,1,98.69999695,-9.0
b347t1l3,1,49.75,-10.250892786311958
b348t1l1,1,2358.75,-14.0
b348t1l2,1,568.75,-18.0
b348t1l3,1,73.02999878,-20.340971099938326
b349t1l1,1,1250.13000488,-11.0
b349t1l2,1,70.18000031,-24.0
b349t1l3,1,44.22000122,-25.971596466956434
b350t1l1,1,2327.89990234,-9.0
b350t1l2,1,92.97000122,-9.401185836228358
b350t1l3,1,35.34999847,-9.401185836228358
b351t1l1,1,2083.63989258,-32.0
b351t1l2,1,99.25,-38.0
b351t1l3,1,42.08000183,-38.9115662597531
b352t1l1,1,1094.76000977,-10.0
b352t1l2,1,307.20001221,-11.539119075369785
b352t1l3,1,85.31999969,-11.539119075369785
b353t1l1,1,2642.27001953,-12.0
b353t1l2,1,92.43000031,-13.571222716694809
b353t1l3,1,33.22000122,-13.571222716694809
b354t1l1,1,2952.83007812,-8.358742037210096
b354t1l2,1,86.37999725,-8.358742037210096
b354t1l3,1,45.54999924,-8.358742037210096
b355t1l1,1,944.30999756,-7.0
b355t1l2,1,74.02999878,-9.0
b355t1l3,1,39.38000107,-12.220728768033082
b356t1l1,1,1741.63000488,-4.0
b356t1l2,1,62.75,-4.331056355198881
b356t1l3,1,41.91999817,-4.331056355198881
b357t1l1,1,988.86999512,-5.0
b357t1l2,1,226.6000061,-6.0
b357t1l3,1,37.63000107,-7.390247541503955
b358t1l1,1,822.34997559,-26.080410040277584
b358t1l2,1,337.14001465,-26.080410040277584
b358t1l3,1,36.02999878,-26.080410040277584
b359t1l1,1,1495.0300293,-13.0
b359t1l2,1,140.69999695,-13.600523785135337
b359t1l3,1,69.59999847,-13.600523785135337
b360t1l1,1,1705.93994141,-13.0
b360t1l2,1,48.5,-13.471579706351012
b360t1l3,1,38.16999817,-13.471579706351012
b361t1l1,1,694.0,-11.0
b361t1l2,1,74.02999878,-23.0
b361t1l3,1,25.02000046,-25.12109115680131
b362t1l1,1,2853.58007813,-47.0
b362t1l2,1,94.27999878,-58.31299025624647
b362t1l3,1,36.79999924,-58.31299025624647
b363t1l1,1,2220.11010742,-10.0
b363t1l2,1,69.22000122,-11.0
b363t1l3,1,39.45000076,-11.510504989417358
b364t1l1,1,2881.08007813,-9.0
b364t1l2,1,108.94999695,-10.0
b364t1l3,1,41.13000107,-10.449789644122438
b365t1l1,1,2734.95996094,-7.0
b365t1l2,1,258.95999146,-7.389130788521502
b365t1l3,1,69.94999695,-7.389130788521502
b366t1l1,1,1683.10998535,-2.0
b366t1l2,1,35.06000137,-1.0
b366t1l3,1,39.38000107,-2.0
b367t1l1,1,747.0300293,-10.0
b367t1l2,1,75.62999725,-11.0
b367t1l3,1,30.37999916,-11.70931295655287
b368t1l1,1,1575.04003906,-22.0
b368t1l2,1,127.15000153,-49.0
b368t1l3,1,84.40000153,-51.99065771008661
b369t1l1,1,1595.05004883,-15.0
b369t1l2,1,61.91999817,-34.0
b369t1l3,1,40.15000153,-36.07270512328714
b370t1l1,1,1333.97998047,-5.0
b370t1l2,1,77.27999878,-11.0
b370t1l3,1,22.95000076,-11.850785541637075
b371t1l1,1,1633.39001465,-11.0
b371t1l2,1,45.0,-23.0
b371t1l3,1,28.85000038,-25.122064699003865
b372t1l1,1,2599.19995117,-20.0
b372t1l2,1,135.88000488,-25.49131069996632
b372t1l3,1,18.85000038,-25.49131069996632
b373t1l1,1,2697.0,-18.0
b373t1l2,1,129.0,-20.6310162728009
b373t1l3,1,70.43000031,-20.6310162728009
b374t1l1,1,1056.2800293,-12.2792441383247
b374t1l2,1,69.56999969,-12.2792441383247
b374t1l3,1,25.39999962,-12.2792441383247
b375t1l1,1,1010.39001465,-12.0
b375t1l2,1,102.5,-13.151781316446758
b375t1l3,1,61.47000122,-13.151781316446758
b376t1l1,1,1479.90002441,-9.0
b376t1l2,1,111.68000031,-11.449922977324997
b376t1l3,1,61.33000183,-11.449922977324997
b377t1l1,1,719.59997559,-20.0
b377t1l2,1,73.43000031,-21.191205699310405
b377t1l3,1,60.95000076,-21.191205699310405
b378t1l1,1,638.22998047,-5.0
b378t1l2,1,55.20000076,-9.0
b378t1l3,1,39.40000153,-12.300136545458436
b379t1l1,1,1517.85998535,-20.0
b379t1l2,1,66.69999695,-22.132129913705672
b379t1l3,1,46.90000153,-22.132129913705672
b380t1l1,1,980.46002197,-9.0
b380t1l2,1,104.12999725,-11.23953843356468
b380t1l3,1,40.34999847,-11.23953843356468
b381t1l1,1,1251.38000488,-6.511851332229759
b381t1l2,1,514.0,-6.511851332229759
b381t1l3,1,27.39999962,-6.511851332229759
b382t1l1,1,2162.7199707,-2.0
b382t1l2,1,139.1000061,-5.0
b382t1l3,1,79.44999695,-5.019657304339994
b383t1l1,1,2509.80004883,-6.0
b383t1l2,1,111.80000305,-12.0
b383t1l3,1,23.02000046,-12.980174096582834
b384t1l1,1,2255.38989258,-47.0
b384t1l2,1,127.12999725,-60.0
b384t1l3,1,25.32999992,-68.57329882931172
b385t1l1,1,2901.37011719,-23.0
b385t1l2,1,74.02999878,-28.820402599760698
b385t1l3,1,39.38000107,-28.820402599760698
b386t1l1,1,609.40997314,-5.0
b386t1l2,1,670.25,-7.0
b386t1l3,1,72.68000031,-8.239706135442544
b387t1l1,1,1585.64001465,-22.0
b387t1l2,1,53.52999878,-22.86070203063364
b387t1l3,1,41.34999847,-22.86070203063364
b388t1l1,1,2633.65991211,-20.0
b388t1l2,1,78.68000031,-21.191559593123095
b388t1l3,1,39.38000107,-21.191559593123095
b389t1l1,1,716.88000488,-8.0
b389t1l2,1,88.81999969,-9.650664443872085
b389t1l3,1,25.82999992,-9.650664443872085
b390t1l1,1,662.39001465,-15.0
b390t1l2,1,47.79999924,-18.0
b390t1l3,1,35.40000153,-18.459382922449404
b391t1l1,1,848.02001953,-19.0
b391t1l2,1,73.02999878,-43.0
b391t1l3,1,26.0,-46.28188806690109
b392t1l1,1,1043.11999512,-20.0
b392t1l2,1,75.68000031,-22.131271214903418
b392t1l3,1,34.88000107,-22.131271214903418
b393t1l1,1,1729.31994629,-7.0
b393t1l2,1,115.93000031,-8.649582519602752
b393t1l3,1,39.38000107,-8.649582519602752
b394t1l1,1,1020.03997803,-10.0
b394t1l2,1,92.81999969,-13.0
b394t1l3,1,75.15000153,-14.300853887392956
b395t1l1,1,1819.2199707,-14.0
b395t1l2,1,134.94999695,-15.881001826902626
b395t1l3,1,56.02999878,-15.881001826902626
b396t1l1,1,2562.19995117,-5.0
b396t1l2,1,134.92999268,-11.0
b396t1l3,1,60.88000107,-11.280390011757522
b397t1l1,1,2189.18994141,-17.0
b397t1l2,1,96.47000122,-22.0
b397t1l3,1,55.5,-24.851318867574772
b398t1l1,1,2717.58007813,-5.0
b398t1l2,1,76.25,-11.0
b398t1l3,1,39.38000107,-11.850892684199032
b399t1l1,1,377.92999268,-14.0
b399t1l2,1,110.97000122,-23.011482779865673
b399t1l3,1,72.27999878,-23.011482779865673
b400t1l1,1,1278.30004883,-21.0
b400t1l2,1,79.59999847,-26.341739663749383
b400t1l3,1,43.02999878,-26.341739663749383
b401t1l1,1,2396.05004883,-2.0
b401t1l2,1,67.62999725,-2.0
b401t1l3,1,39.38000107,-2.240858645938297
b402t1l1,1,1870.85998535,-42.0
b402t1l2,1,139.80000305,-95.0
b402t1l3,1,27.22999954,-102.23477116380505
b403t1l1,1,2656.7199707,-9.0
b403t1l2,1,74.02999878,-11.0
b403t1l3,1,31.10000038,-12.951473553899127
b404t1l1,1,1101.91003418,-26.0
b404t1l2,1,95.69999695,-60.0
b404t1l3,1,26.27000046,-63.93343871235015
