period,node,buyer,inelastic_dem,max_dem
1,DE0 0,DE0 0,1114.7156966917973,1114.7156966917973
2,DE0 0,DE0 0,1092.4170058789769,1092.4170058789769
3,DE0 0,DE0 0,1099.7364228490221,1099.7364228490221
4,DE0 0,DE0 0,1127.5064403156277,1127.5064403156277
5,DE0 0,DE0 0,1190.51179187311,1190.51179187311
6,DE0 0,DE0 0,1364.3297243278666,1364.3297243278666
7,DE0 0,DE0 0,1499.0945483186101,1499.0945483186101
8,DE0 0,DE0 0,1553.248513301779,1553.248513301779
9,DE0 0,DE0 0,1569.005930435611,1569.005930435611
10,DE0 0,DE0 0,1590.866915647212,1590.866915647212
11,DE0 0,DE0 0,1603.609025315351,1603.609025315351
12,DE0 0,DE0 0,1582.89093806249,1582.89093806249
13,DE0 0,DE0 0,1554.7804851188941,1554.7804851188941
14,DE0 0,DE0 0,1513.5388486487836,1513.5388486487836
15,DE0 0,DE0 0,1484.1395936665276,1484.1395936665276
16,DE0 0,DE0 0,1458.6796913080943,1458.6796913080943
17,DE0 0,DE0 0,1472.4917480014367,1472.4917480014367
18,DE0 0,DE0 0,1534.8648603477827,1534.8648603477827
19,DE0 0,DE0 0,1511.2287335406113,1511.2287335406113
20,DE0 0,DE0 0,1412.453069953956,1412.453069953956
21,DE0 0,DE0 0,1345.9460691610234,1345.9460691610234
22,DE0 0,DE0 0,1309.178763253031,1309.178763253031
23,DE0 0,DE0 0,1224.823083018704,1224.823083018704
24,DE0 0,DE0 0,1153.3554121067423,1153.3554121067423
1,DE0 1,DE0 1,1167.4300909568128,1167.4300909568128
2,DE0 1,DE0 1,1144.0769052780918,1144.0769052780918
3,DE0 1,DE0 1,1151.7424541211285,1151.7424541211285
4,DE0 1,DE0 1,1180.8257029828112,1180.8257029828112
5,DE0 1,DE0 1,1246.8105487312016,1246.8105487312016
6,DE0 1,DE0 1,1428.8482515264516,1428.8482515264516
7,DE0 1,DE0 1,1569.9860422619772,1569.9860422619772
8,DE0 1,DE0 1,1626.7009234227946,1626.7009234227946
9,DE0 1,DE0 1,1643.203501589037,1643.203501589037
10,DE0 1,DE0 1,1666.0982827693194,1666.0982827693194
11,DE0 1,DE0 1,1679.4429609621575,1679.4429609621575
12,DE0 1,DE0 1,1657.7451248611326,1657.7451248611326
13,DE0 1,DE0 1,1628.305341484822,1628.305341484822
14,DE0 1,DE0 1,1585.113406932903,1585.113406932903
15,DE0 1,DE0 1,1554.3238746603643,1554.3238746603643
16,DE0 1,DE0 1,1527.6599851912674,1527.6599851912674
17,DE0 1,DE0 1,1542.125207713623,1542.125207713623
18,DE0 1,DE0 1,1607.4479159484265,1607.4479159484265
19,DE0 1,DE0 1,1582.6940475403171,1582.6940475403171
20,DE0 1,DE0 1,1479.2473281054772,1479.2473281054772
21,DE0 1,DE0 1,1409.5952417345923,1409.5952417345923
22,DE0 1,DE0 1,1371.089226785857,1371.089226785857
23,DE0 1,DE0 1,1282.744405105363,1282.744405105363
24,DE0 1,DE0 1,1207.8970607996953,1207.8970607996953
1,DE0 10,DE0 10,1151.7760949889948,1151.7760949889948
2,DE0 10,DE0 10,1128.7360506943119,1128.7360506943119
3,DE0 10,DE0 10,1136.2988126796092,1136.2988126796092
4,DE0 10,DE0 10,1164.9920861038431,1164.9920861038431
5,DE0 10,DE0 10,1230.0921452450664,1230.0921452450664
6,DE0 10,DE0 10,1409.6889160413714,1409.6889160413714
7,DE0 10,DE0 10,1548.9341991019664,1548.9341991019664
8,DE0 10,DE0 10,1604.888594022208,1604.888594022208
9,DE0 10,DE0 10,1621.169890165592,1621.169890165592
10,DE0 10,DE0 10,1643.7576766786506,1643.7576766786506
11,DE0 10,DE0 10,1656.9234169288738,1656.9234169288738
12,DE0 10,DE0 10,1635.5165257345006,1635.5165257345006
13,DE0 10,DE0 10,1606.4714985443088,1606.4714985443088
14,DE0 10,DE0 10,1563.858721900478,1563.858721900478
15,DE0 10,DE0 10,1533.48204451131,1533.48204451131
16,DE0 10,DE0 10,1507.1756894431753,1507.1756894431753
17,DE0 10,DE0 10,1521.4469487151464,1521.4469487151464
18,DE0 10,DE0 10,1585.8937489026628,1585.8937489026628
19,DE0 10,DE0 10,1561.4718035443786,1561.4718035443786
20,DE0 10,DE0 10,1459.412194602459,1459.412194602459
21,DE0 10,DE0 10,1390.6940686354096,1390.6940686354096
22,DE0 10,DE0 10,1352.7043783963195,1352.7043783963195
23,DE0 10,DE0 10,1265.5441668205992,1265.5441668205992
24,DE0 10,DE0 10,1191.7004458025601,1191.7004458025601
1,DE0 11,DE0 11,961.1686380908052,961.1686380908052
2,DE0 11,DE0 11,941.9414913453403,941.9414913453403
3,DE0 11,DE0 11,948.2526916465433,948.2526916465433
4,DE0 11,DE0 11,972.1975144810558,972.1975144810558
5,DE0 11,DE0 11,1026.524163086311,1026.524163086311
6,DE0 11,DE0 11,1176.3994594592928,1176.3994594592928
7,DE0 11,DE0 11,1292.6010368858495,1292.6010368858495
8,DE0 11,DE0 11,1339.29553748772,1339.29553748772
9,DE0 11,DE0 11,1352.882441494995,1352.882441494995
10,DE0 11,DE0 11,1371.7321746112652,1371.7321746112652
11,DE0 11,DE0 11,1382.7191161538271,1382.7191161538271
12,DE0 11,DE0 11,1364.8548519582323,1364.8548519582323
13,DE0 11,DE0 11,1340.616487097939,1340.616487097939
14,DE0 11,DE0 11,1305.05570000554,1305.05570000554
15,DE0 11,DE0 11,1279.7060597734692,1279.7060597734692
16,DE0 11,DE0 11,1257.753144112189,1257.753144112189
17,DE0 11,DE0 11,1269.6626523038938,1269.6626523038938
18,DE0 11,DE0 11,1323.4441497972387,1323.4441497972387
19,DE0 11,DE0 11,1303.0637928323079,1303.0637928323079
20,DE0 11,DE0 11,1217.894031315663,1217.894031315663
21,DE0 11,DE0 11,1160.5480698607744,1160.5480698607744
22,DE0 11,DE0 11,1128.845294479812,1128.845294479812
23,DE0 11,DE0 11,1056.1092286590138,1056.1092286590138
24,DE0 11,DE0 11,994.4859070158049,994.4859070158049
1,DE0 12,DE0 12,1698.7288006085519,1698.7288006085519
2,DE0 12,DE0 12,1664.7475546172918,1664.7475546172918
3,DE0 12,DE0 12,1675.9017031123556,1675.9017031123556
4,DE0 12,DE0 12,1718.2207703004515,1718.2207703004515
5,DE0 12,DE0 12,1814.23539142833,1814.23539142833
6,DE0 12,DE0 12,2079.1186516169273,2079.1186516169273
7,DE0 12,DE0 12,2284.488405089874,2284.488405089874
8,DE0 12,DE0 12,2367.01429062021,2367.01429062021
9,DE0 12,DE0 12,2391.027210136713,2391.027210136713
10,DE0 12,DE0 12,2424.341431241551,2424.341431241551
11,DE0 12,DE0 12,2443.7592870571807,2443.7592870571807
12,DE0 12,DE0 12,2412.186742044669,2412.186742044669
13,DE0 12,DE0 12,2369.3488810948734,2369.3488810948734
14,DE0 12,DE0 12,2306.5002499471098,2306.5002499471098
15,DE0 12,DE0 12,2261.6983679039968,2261.6983679039968
16,DE0 12,DE0 12,2222.8997132108702,2222.8997132108702
17,DE0 12,DE0 12,2243.9480743044223,2243.9480743044223
18,DE0 12,DE0 12,2338.999218412987,2338.999218412987
19,DE0 12,DE0 12,2302.9798374521392,2302.9798374521392
20,DE0 12,DE0 12,2152.4544030011475,2152.4544030011475
21,DE0 12,DE0 12,2051.10357603752,2051.10357603752
22,DE0 12,DE0 12,1995.0734316230735,1995.0734316230735
23,DE0 12,DE0 12,1866.5227850911833,1866.5227850911833
24,DE0 12,DE0 12,1757.6123326315458,1757.6123326315458
1,DE0 13,DE0 13,808.997540473436,808.997540473436
2,DE0 13,DE0 13,792.8144131730076,792.8144131730076
3,DE0 13,DE0 13,798.1264316042893,798.1264316042893
4,DE0 13,DE0 13,818.2803380183298,818.2803380183298
5,DE0 13,DE0 13,864.0060549862861,864.0060549862861
6,DE0 13,DE0 13,990.1532692610975,990.1532692610975
7,DE0 13,DE0 13,1087.9579484940218,1087.9579484940218
8,DE0 13,DE0 13,1127.2598302278907,1127.2598302278907
9,DE0 13,DE0 13,1138.6956714413195,1138.6956714413195
10,DE0 13,DE0 13,1154.5611367980891,1154.5611367980891
11,DE0 13,DE0 13,1163.808638571465,1163.808638571465
12,DE0 13,DE0 13,1148.7726238453602,1148.7726238453602
13,DE0 13,DE0 13,1128.3716486366552,1128.3716486366552
14,DE0 13,DE0 13,1098.4408038764745,1098.4408038764745
15,DE0 13,DE0 13,1077.1044891165932,1077.1044891165932
16,DE0 13,DE0 13,1058.6271334555997,1058.6271334555997
17,DE0 13,DE0 13,1068.6511422023639,1068.6511422023639
18,DE0 13,DE0 13,1113.91801574655,1113.91801574655
19,DE0 13,DE0 13,1096.7642531234274,1096.7642531234274
20,DE0 13,DE0 13,1025.0784689029426,1025.0784689029426
21,DE0 13,DE0 13,976.811453173798,976.811453173798
22,DE0 13,DE0 13,950.1278242111173,950.1278242111173
23,DE0 13,DE0 13,888.9072474873262,888.9072474873262
24,DE0 13,DE0 13,837.040058245505,837.040058245505
1,DE0 14,DE0 14,445.7485378767518,445.7485378767518
2,DE0 14,DE0 14,436.83181690845583,436.83181690845583
3,DE0 14,DE0 14,439.75867926644594,439.75867926644594
4,DE0 14,DE0 14,450.86325482709117,450.86325482709117
5,DE0 14,DE0 14,476.05761013984625,476.05761013984625
6,DE0 14,DE0 14,545.5633051600264,545.5633051600264
7,DE0 14,DE0 14,599.452582425403,599.452582425403
8,DE0 14,DE0 14,621.1074768375972,621.1074768375972
9,DE0 14,DE0 14,627.4084966123835,627.4084966123835
10,DE0 14,DE0 14,636.1501894256592,636.1501894256592
11,DE0 14,DE0 14,641.2454588032184,641.2454588032184
12,DE0 14,DE0 14,632.9607839502734,632.9607839502734
13,DE0 14,DE0 14,621.7200762650334,621.7200762650334
14,DE0 14,DE0 14,605.2285177351287,605.2285177351287
15,DE0 14,DE0 14,593.4724484863526,593.4724484863526
16,DE0 14,DE0 14,583.291633517624,583.291633517624
17,DE0 14,DE0 14,588.8147494963438,588.8147494963438
18,DE0 14,DE0 14,613.756287247824,613.756287247824
19,DE0 14,DE0 14,604.3047571432119,604.3047571432119
20,DE0 14,DE0 14,564.8066970080357,564.8066970080357
21,DE0 14,DE0 14,538.2121146853879,538.2121146853879
22,DE0 14,DE0 14,523.5097355058417,523.5097355058417
23,DE0 14,DE0 14,489.77788689400114,489.77788689400114
24,DE0 14,DE0 14,461.1996494931944,461.1996494931944
1,DE0 15,DE0 15,1668.650036964129,1668.650036964129
2,DE0 15,DE0 15,1635.270484348614,1635.270484348614
3,DE0 15,DE0 15,1646.2271304547635,1646.2271304547635
4,DE0 15,DE0 15,1687.7968695457864,1687.7968695457864
5,DE0 15,DE0 15,1782.1113952291894,1782.1113952291894
6,DE0 15,DE0 15,2042.3044653334584,2042.3044653334584
7,DE0 15,DE0 15,2244.037812411097,2244.037812411097
8,DE0 15,DE0 15,2325.1024425576875,2325.1024425576875
9,DE0 15,DE0 15,2348.6901741746915,2348.6901741746915
10,DE0 15,DE0 15,2381.4145126671597,2381.4145126671597
11,DE0 15,DE0 15,2400.4885436795894,2400.4885436795894
12,DE0 15,DE0 15,2369.4750420639657,2369.4750420639657
13,DE0 15,DE0 15,2327.395695300825,2327.395695300825
14,DE0 15,DE0 15,2265.6599016589616,2265.6599016589616
15,DE0 15,DE0 15,2221.65130999882,2221.65130999882
16,DE0 15,DE0 15,2183.5396487585735,2183.5396487585735
17,DE0 15,DE0 15,2204.2153142940065,2204.2153142940065
18,DE0 15,DE0 15,2297.583422889928,2297.583422889928
19,DE0 15,DE0 15,2262.2018238081846,2262.2018238081846
20,DE0 15,DE0 15,2114.3416876459505,2114.3416876459505
21,DE0 15,DE0 15,2014.7854423532247,2014.7854423532247
22,DE0 15,DE0 15,1959.7474030177066,1959.7474030177066
23,DE0 15,DE0 15,1833.472955318723,1833.472955318723
24,DE0 15,DE0 15,1726.490940027377,1726.490940027377
1,DE0 16,DE0 16,2250.261387514797,2250.261387514797
2,DE0 16,DE0 16,2205.247324218536,2205.247324218536
3,DE0 16,DE0 16,2220.022931519746,2220.022931519746
4,DE0 16,DE0 16,2276.0818873783287,2276.0818873783287
5,DE0 16,DE0 16,2403.2699320406236,2403.2699320406236
6,DE0 16,DE0 16,2754.1538238001,2754.1538238001
7,DE0 16,DE0 16,3026.2017376507683,3026.2017376507683
8,DE0 16,DE0 16,3135.5216088467205,3135.5216088467205
9,DE0 16,DE0 16,3167.3308921002513,3167.3308921002513
10,DE0 16,DE0 16,3211.4613650636174,3211.4613650636174
11,DE0 16,DE0 16,3237.1836882234934,3237.1836882234934
12,DE0 16,DE0 16,3195.36036779602,3195.36036779602
13,DE0 16,DE0 16,3138.614179478897,3138.614179478897
14,DE0 16,DE0 16,3055.360249905614,3055.360249905614
15,DE0 16,DE0 16,2996.0123744745897,2996.0123744745897
16,DE0 16,DE0 16,2944.616816506664,2944.616816506664
17,DE0 16,DE0 16,2972.49902714695,2972.49902714695
18,DE0 16,DE0 16,3098.410779128775,3098.410779128775
19,DE0 16,DE0 16,3050.696852014957,3050.696852014957
20,DE0 16,DE0 16,2851.2997658746544,2851.2997658746544
21,DE0 16,DE0 16,2717.0429896151104,2717.0429896151104
22,DE0 16,DE0 16,2642.8213301792207,2642.8213301792207
23,DE0 16,DE0 16,2472.5336679419365,2472.5336679419365
24,DE0 16,DE0 16,2328.262854508449,2328.262854508449
1,DE0 17,DE0 17,1886.682966734003,1886.682966734003
2,DE0 17,DE0 17,1848.9418994270018,1848.9418994270018
3,DE0 17,DE0 17,1861.33018763788,1861.33018763788
4,DE0 17,DE0 17,1908.3316061122416,1908.3316061122416
5,DE0 17,DE0 17,2014.9696699247183,2014.9696699247183
6,DE0 17,DE0 17,2309.160676159361,2309.160676159361
7,DE0 17,DE0 17,2537.2533626558543,2537.2533626558543
8,DE0 17,DE0 17,2628.910243076641,2628.910243076641
9,DE0 17,DE0 17,2655.580048296351,2655.580048296351
10,DE0 17,DE0 17,2692.580288408835,2692.580288408835
11,DE0 17,DE0 17,2714.1466136543486,2714.1466136543486
12,DE0 17,DE0 17,2679.0807556608834,2679.0807556608834
13,DE0 17,DE0 17,2631.503142002749,2631.503142002749
14,DE0 17,DE0 17,2561.700686292011,2561.700686292011
15,DE0 17,DE0 17,2511.94174437139,2511.94174437139
16,DE0 17,DE0 17,2468.8502509467235,2468.8502509467235
17,DE0 17,DE0 17,2492.227487112169,2492.227487112169
18,DE0 17,DE0 17,2597.795470944529,2597.795470944529
19,DE0 17,DE0 17,2557.790761242316,2557.790761242316
20,DE0 17,DE0 17,2390.6105891411635,2390.6105891411635
21,DE0 17,DE0 17,2278.0459002819525,2278.0459002819525
22,DE0 17,DE0 17,2215.816356017729,2215.816356017729
23,DE0 17,DE0 17,2073.042350486372,2073.042350486372
24,DE0 17,DE0 17,1952.0816088534043,1952.0816088534043
1,DE0 18,DE0 18,619.6324985153917,619.6324985153917
2,DE0 18,DE0 18,607.2374155870939,607.2374155870939
3,DE0 18,DE0 18,611.3060302466747,611.3060302466747
4,DE0 18,DE0 18,626.7424373572193,626.7424373572193
5,DE0 18,DE0 18,661.7649668876322,661.7649668876322
6,DE0 18,DE0 18,758.3844368505629,758.3844368505629
7,DE0 18,DE0 18,833.2956136189467,833.2956136189467
8,DE0 18,DE0 18,863.3979587519889,863.3979587519889
9,DE0 18,DE0 18,872.1569703795833,872.1569703795833
10,DE0 18,DE0 18,884.3087476685125,884.3087476685125
11,DE0 18,DE0 18,891.3916525504101,891.3916525504101
12,DE0 18,DE0 18,879.8751733198324,879.8751733198324
13,DE0 18,DE0 18,864.2495297198252,864.2495297198252
14,DE0 18,DE0 18,841.3247083284355,841.3247083284355
15,DE0 18,DE0 18,824.982663560241,824.982663560241
16,DE0 18,DE0 18,810.8303707764105,810.8303707764105
17,DE0 18,DE0 18,818.5080227767647,818.5080227767647
18,DE0 18,DE0 18,853.1791120581363,853.1791120581363
19,DE0 18,DE0 18,840.0405940017214,840.0405940017214
20,DE0 18,DE0 18,785.1345660321186,785.1345660321186
21,DE0 18,DE0 18,748.165588926664,748.165588926664
22,DE0 18,DE0 18,727.727895538959,727.727895538959
23,DE0 18,DE0 18,680.8374452988801,680.8374452988801
24,DE0 18,DE0 18,641.1110005904421,641.1110005904421
1,DE0 19,DE0 19,464.94084780986776,464.94084780986776
2,DE0 19,DE0 19,455.64020528520325,455.64020528520325
3,DE0 19,DE0 19,458.69308768528634,458.69308768528634
4,DE0 19,DE0 19,470.27578585930183,470.27578585930183
5,DE0 19,DE0 19,496.55491842793015,496.55491842793015
6,DE0 19,DE0 19,569.0532757399444,569.0532757399444
7,DE0 19,DE0 19,625.2628291777909,625.2628291777909
8,DE0 19,DE0 19,647.8501045398081,647.8501045398081
9,DE0 19,DE0 19,654.4224232962767,654.4224232962767
10,DE0 19,DE0 19,663.5405015905047,663.5405015905047
11,DE0 19,DE0 19,668.8551547254457,668.8551547254457
12,DE0 19,DE0 19,660.2137719218023,660.2137719218023
13,DE0 19,DE0 19,648.4890802693005,648.4890802693005
14,DE0 19,DE0 19,631.2874552429498,631.2874552429498
15,DE0 19,DE0 19,619.0252124334205,619.0252124334205
16,DE0 19,DE0 19,608.4060486207848,608.4060486207848
17,DE0 19,DE0 19,614.1669698745708,614.1669698745708
18,DE0 19,DE0 19,640.1823994777553,640.1823994777553
19,DE0 19,DE0 19,630.32392088157,630.32392088157
20,DE0 19,DE0 19,589.1252180129773,589.1252180129773
21,DE0 19,DE0 19,561.3855697549271,561.3855697549271
22,DE0 19,DE0 19,546.0501596308217,546.0501596308217
23,DE0 19,DE0 19,510.86594037014146,510.86594037014146
24,DE0 19,DE0 19,481.0572280649165,481.0572280649165
1,DE0 2,DE0 2,641.2668138027968,641.2668138027968
2,DE0 2,DE0 2,628.4389596226251,628.4389596226251
3,DE0 2,DE0 2,632.6496289558055,632.6496289558055
4,DE0 2,DE0 2,648.624994399127,648.624994399127
5,DE0 2,DE0 2,684.8703268778017,684.8703268778017
6,DE0 2,DE0 2,784.8632417150543,784.8632417150543
7,DE0 2,DE0 2,862.3899236750489,862.3899236750489
8,DE0 2,DE0 2,893.5432847361757,893.5432847361757
9,DE0 2,DE0 2,902.6081150863379,902.6081150863379
10,DE0 2,DE0 2,915.1841686709761,915.1841686709761
11,DE0 2,DE0 2,922.5143714233579,922.5143714233579
12,DE0 2,DE0 2,910.595797171502,910.595797171502
13,DE0 2,DE0 2,894.4245880935364,894.4245880935364
14,DE0 2,DE0 2,870.6993522386103,870.6993522386103
15,DE0 2,DE0 2,853.7867290230248,853.7867290230248
16,DE0 2,DE0 2,839.140312440235,839.140312440235
17,DE0 2,DE0 2,847.0860277594768,847.0860277594768
18,DE0 2,DE0 2,882.9676495398185,882.9676495398185
19,DE0 2,DE0 2,869.3704033780787,869.3704033780787
20,DE0 2,DE0 2,812.5473450346342,812.5473450346342
21,DE0 2,DE0 2,774.2876052457041,774.2876052457041
22,DE0 2,DE0 2,753.13633485299,753.13633485299
23,DE0 2,DE0 2,704.608716151133,704.608716151133
24,DE0 2,DE0 2,663.495232460509,663.495232460509
1,DE0 20,DE0 20,1321.9061257954352,1321.9061257954352
2,DE0 20,DE0 20,1295.4628128770241,1295.4628128770241
3,DE0 20,DE0 20,1304.1426782083088,1304.1426782083088
4,DE0 20,DE0 20,1337.0742645414846,1337.0742645414846
5,DE0 20,DE0 20,1411.7903203294372,1411.7903203294372
6,DE0 20,DE0 20,1617.915514732767,1617.915514732767
7,DE0 20,DE0 20,1777.72886167298,1777.72886167298
8,DE0 20,DE0 20,1841.948337777796,1841.948337777796
9,DE0 20,DE0 20,1860.6345609087202,1860.6345609087202
10,DE0 20,DE0 20,1886.5588125837448,1886.5588125837448
11,DE0 20,DE0 20,1901.6692778583067,1901.6692778583067
12,DE0 20,DE0 20,1877.1003527632356,1877.1003527632356
13,DE0 20,DE0 20,1843.7650547537933,1843.7650547537933
14,DE0 20,DE0 20,1794.8579010737453,1794.8579010737453
15,DE0 20,DE0 20,1759.994253445743,1759.994253445743
16,DE0 20,DE0 20,1729.8021596323622,1729.8021596323622
17,DE0 20,DE0 20,1746.1814412796462,1746.1814412796462
18,DE0 20,DE0 20,1820.1477445624087,1820.1477445624087
19,DE0 20,DE0 20,1792.11840855395,1792.11840855395
20,DE0 20,DE0 20,1674.983469876568,1674.983469876568
21,DE0 20,DE0 20,1596.1149188932343,1596.1149188932343
22,DE0 20,DE0 20,1552.5137324624602,1552.5137324624602
23,DE0 20,DE0 20,1452.4789964500999,1452.4789964500999
24,DE0 20,DE0 20,1367.7277435026185,1367.7277435026185
1,DE0 21,DE0 21,1553.9982524568943,1553.9982524568943
2,DE0 21,DE0 21,1522.9121857063872,1522.9121857063872
3,DE0 21,DE0 21,1533.1160082722752,1533.1160082722752
4,DE0 21,DE0 21,1571.8295194768584,1571.8295194768584
5,DE0 21,DE0 21,1659.663759639021,1659.663759639021
6,DE0 21,DE0 21,1901.979144702666,1901.979144702666
7,DE0 21,DE0 21,2089.8515336856112,2089.8515336856112
8,DE0 21,DE0 21,2165.346269426041,2165.346269426041
9,DE0 21,DE0 21,2187.313304394581,2187.313304394581
10,DE0 21,DE0 21,2217.7891763291327,2217.7891763291327
11,DE0 21,DE0 21,2235.5526439251016,2235.5526439251016
12,DE0 21,DE0 21,2206.670058454434,2206.670058454434
13,DE0 21,DE0 21,2167.4819543667622,2167.4819543667622
14,DE0 21,DE0 21,2109.9879842062846,2109.9879842062846
15,DE0 21,DE0 21,2069.003192297867,2069.003192297867
16,DE0 21,DE0 21,2033.5101568179261,2033.5101568179261
17,DE0 21,DE0 21,2052.7652117417865,2052.7652117417865
18,DE0 21,DE0 21,2139.7180624768903,2139.7180624768903
19,DE0 21,DE0 21,2106.767508481642,2106.767508481642
20,DE0 21,DE0 21,1969.0667395281998,1969.0667395281998
21,DE0 21,DE0 21,1876.3509346686387,1876.3509346686387
22,DE0 21,DE0 21,1825.0945207703376,1825.0945207703376
23,DE0 21,DE0 21,1707.4963026255714,1707.4963026255714
24,DE0 21,DE0 21,1607.8649472638824,1607.8649472638824
1,DE0 22,DE0 22,1710.9314139151293,1710.9314139151293
2,DE0 22,DE0 22,1676.7060677447475,1676.7060677447475
3,DE0 22,DE0 22,1687.940340719246,1687.940340719246
4,DE0 22,DE0 22,1730.5634018186754,1730.5634018186754
5,DE0 22,DE0 22,1827.2677323886858,1827.2677323886858
6,DE0 22,DE0 22,2094.053749506058,2094.053749506058
7,DE0 22,DE0 22,2300.898751815428,2300.898751815428
8,DE0 22,DE0 22,2384.01745208379,2384.01745208379
9,DE0 22,DE0 22,2408.202865509337,2408.202865509337
10,DE0 22,DE0 22,2441.756395300533,2441.756395300533
11,DE0 22,DE0 22,2461.3137369397245,2461.3137369397245
12,DE0 22,DE0 22,2429.5143943608473,2429.5143943608473
13,DE0 22,DE0 22,2386.368812807348,2386.368812807348
14,DE0 22,DE0 22,2323.068716103418,2323.068716103418
15,DE0 22,DE0 22,2277.9450051481303,2277.9450051481303
16,DE0 22,DE0 22,2238.867645001923,2238.867645001923
17,DE0 22,DE0 22,2260.0672044569023,2260.0672044569023
18,DE0 22,DE0 22,2355.80113698672,2355.80113698672
19,DE0 22,DE0 22,2319.5230151501955,2319.5230151501955
20,DE0 22,DE0 22,2167.916299408893,2167.916299408893
21,DE0 22,DE0 22,2065.8374310125796,2065.8374310125796
22,DE0 22,DE0 22,2009.4048008184395,2009.4048008184395
23,DE0 22,DE0 22,1879.9307262329498,1879.9307262329498
24,DE0 22,DE0 22,1770.2379286833057,1770.2379286833057
1,DE0 23,DE0 23,481.4933947207765,481.4933947207765
2,DE0 23,DE0 23,471.8616362650935,471.8616362650935
3,DE0 23,DE0 23,475.0232055645508,475.0232055645508
4,DE0 23,DE0 23,487.01826405447184,487.01826405447184
5,DE0 23,DE0 23,514.2329706357283,514.2329706357283
6,DE0 23,DE0 23,589.3123712482479,589.3123712482479
7,DE0 23,DE0 23,647.523063700883,647.523063700883
8,DE0 23,DE0 23,670.914477775987,670.914477775987
9,DE0 23,DE0 23,677.7207803070421,677.7207803070421
10,DE0 23,DE0 23,687.1634749893838,687.1634749893838
11,DE0 23,DE0 23,692.6673372371521,692.6673372371521
12,DE0 23,DE0 23,683.7183090740909,683.7183090740909
13,DE0 23,DE0 23,671.5762019385054,671.5762019385054
14,DE0 23,DE0 23,653.7621749119137,653.7621749119137
15,DE0 23,DE0 23,641.063379043444,641.063379043444
16,DE0 23,DE0 23,630.0661580908704,630.0661580908704
17,DE0 23,DE0 23,636.032176229029,636.032176229029
18,DE0 23,DE0 23,662.9737916490601,662.9737916490601
19,DE0 23,DE0 23,652.764337374566,652.764337374566
20,DE0 23,DE0 23,610.0989028451322,610.0989028451322
21,DE0 23,DE0 23,581.3716841654976,581.3716841654976
22,DE0 23,DE0 23,565.4903119116439,565.4903119116439
23,DE0 23,DE0 23,529.0534850502775,529.0534850502775
24,DE0 23,DE0 23,498.1835407386365,498.1835407386365
1,DE0 24,DE0 24,1652.9154134816513,1652.9154134816513
2,DE0 24,DE0 24,1619.8506151170484,1619.8506151170484
3,DE0 24,DE0 24,1630.703944951186,1630.703944951186
4,DE0 24,DE0 24,1671.8816999962005,1671.8816999962005
5,DE0 24,DE0 24,1765.3068818881052,1765.3068818881052
6,DE0 24,DE0 24,2023.0464477223663,2023.0464477223663
7,DE0 24,DE0 24,2222.877539569842,2222.877539569842
8,DE0 24,DE0 24,2303.1777665133354,2303.1777665133354
9,DE0 24,DE0 24,2326.543076371686,2326.543076371686
10,DE0 24,DE0 24,2358.9588389893534,2358.9588389893534
11,DE0 24,DE0 24,2377.8530104209094,2377.8530104209094
12,DE0 24,DE0 24,2347.131952253573,2347.131952253573
13,DE0 24,DE0 24,2305.4493949088483,2305.4493949088483
14,DE0 24,DE0 24,2244.295742187386,2244.295742187386
15,DE0 24,DE0 24,2200.7021318621128,2200.7021318621128
16,DE0 24,DE0 24,2162.949846540497,2162.949846540497
17,DE0 24,DE0 24,2183.430549797895,2183.430549797895
18,DE0 24,DE0 24,2275.9182388921326,2275.9182388921326
19,DE0 24,DE0 24,2240.870272463988,2240.870272463988
20,DE0 24,DE0 24,2094.404391249792,2094.404391249792
21,DE0 24,DE0 24,1995.7869168199245,1995.7869168199245
22,DE0 24,DE0 24,1941.2678615775203,1941.2678615775203
23,DE0 24,DE0 24,1816.184125439372,1816.184125439372
24,DE0 24,DE0 24,1710.2109027005188,1710.2109027005188
1,DE0 25,DE0 25,1755.3433245504366,1755.3433245504366
2,DE0 25,DE0 25,1720.2295657860614,1720.2295657860614
3,DE0 25,DE0 25,1731.7554550833054,1731.7554550833054
4,DE0 25,DE0 25,1775.4849144668246,1775.4849144668246
5,DE0 25,DE0 25,1874.6994707842803,1874.6994707842803
6,DE0 25,DE0 25,2148.4106496320414,2148.4106496320414
7,DE0 25,DE0 25,2360.6248804699258,2360.6248804699258
8,DE0 25,DE0 25,2445.9011542438175,2445.9011542438175
9,DE0 25,DE0 25,2470.714366312254,2470.714366312254
10,DE0 25,DE0 25,2505.1388698633946,2505.1388698633946
11,DE0 25,DE0 25,2525.2038758672006,2525.2038758672006
12,DE0 25,DE0 25,2492.5790942617277,2492.5790942617277
13,DE0 25,DE0 25,2448.3135509747085,2448.3135509747085
14,DE0 25,DE0 25,2383.3703268986596,2383.3703268986596
15,DE0 25,DE0 25,2337.075306443657,2337.075306443657
16,DE0 25,DE0 25,2296.983586392335,2296.983586392335
17,DE0 25,DE0 25,2318.733438472936,2318.733438472936
18,DE0 25,DE0 25,2416.9524074114024,2416.9524074114024
19,DE0 25,DE0 25,2379.7325875664624,2379.7325875664624
20,DE0 25,DE0 25,2224.1905043075294,2224.1905043075294
21,DE0 25,DE0 25,2119.461899315056,2119.461899315056
22,DE0 25,DE0 25,2061.564405650228,2061.564405650228
23,DE0 25,DE0 25,1928.7294768637382,1928.7294768637382
24,DE0 25,DE0 25,1816.1893023342277,1816.1893023342277
1,DE0 26,DE0 26,1197.1605235725942,1197.1605235725942
2,DE0 26,DE0 26,1173.2126125064058,1173.2126125064058
3,DE0 26,DE0 26,1181.073376536293,1181.073376536293
4,DE0 26,DE0 26,1210.897275803707,1210.897275803707
5,DE0 26,DE0 26,1278.562528820491,1278.562528820491
6,DE0 26,DE0 26,1465.236106344694,1465.236106344694
7,DE0 26,DE0 26,1609.9681915990147,1609.9681915990147
8,DE0 26,DE0 26,1668.127405885837,1668.127405885837
9,DE0 26,DE0 26,1685.0502480078906,1685.0502480078906
10,DE0 26,DE0 26,1708.5280805883433,1708.5280805883433
11,DE0 26,DE0 26,1722.2126018765962,1722.2126018765962
12,DE0 26,DE0 26,1699.9621964533424,1699.9621964533424
13,DE0 26,DE0 26,1669.7726829624216,1669.7726829624216
14,DE0 26,DE0 26,1625.4807982638615,1625.4807982638615
15,DE0 26,DE0 26,1593.9071624106537,1593.9071624106537
16,DE0 26,DE0 26,1566.5642353055764,1566.5642353055764
17,DE0 26,DE0 26,1581.397837336739,1581.397837336739
18,DE0 26,DE0 26,1648.3840904728595,1648.3840904728595
19,DE0 26,DE0 26,1622.9998261015244,1622.9998261015244
20,DE0 26,DE0 26,1516.9186742108957,1516.9186742108957
21,DE0 26,DE0 26,1445.4927885552065,1445.4927885552065
22,DE0 26,DE0 26,1406.0061577292522,1406.0061577292522
23,DE0 26,DE0 26,1315.4114970320402,1315.4114970320402
24,DE0 26,DE0 26,1238.6580480751502,1238.6580480751502
1,DE0 27,DE0 27,1130.5490199208743,1130.5490199208743
2,DE0 27,DE0 27,1107.9336004746701,1107.9336004746701
3,DE0 27,DE0 27,1115.3569817964142,1115.3569817964142
4,DE0 27,DE0 27,1143.5214421365981,1143.5214421365981
5,DE0 27,DE0 27,1207.4217161387287,1207.4217161387287
6,DE0 27,DE0 27,1383.7085431427713,1383.7085431427713
7,DE0 27,DE0 27,1520.3875547819778,1520.3875547819778
8,DE0 27,DE0 27,1575.3107178972436,1575.3107178972436
9,DE0 27,DE0 27,1591.2919519912887,1591.2919519912887
10,DE0 27,DE0 27,1613.4634487046012,1613.4634487046012
11,DE0 27,DE0 27,1626.3865461722257,1626.3865461722257
12,DE0 27,DE0 27,1605.3741810392416,1605.3741810392416
13,DE0 27,DE0 27,1576.8644497066423,1576.8644497066423
14,DE0 27,DE0 27,1535.037020677348,1535.037020677348
15,DE0 27,DE0 27,1505.2201812758456,1505.2201812758456
16,DE0 27,DE0 27,1479.3986487146453,1479.3986487146453
17,DE0 27,DE0 27,1493.4068906404495,1493.4068906404495
18,DE0 27,DE0 27,1556.6659451615706,1556.6659451615706
19,DE0 27,DE0 27,1532.694092898364,1532.694092898364
20,DE0 27,DE0 27,1432.5154285166402,1432.5154285166402
21,DE0 27,DE0 27,1365.0637681628205,1365.0637681628205
22,DE0 27,DE0 27,1327.7742226914747,1327.7742226914747
23,DE0 27,DE0 27,1242.2203618310718,1242.2203618310718
24,DE0 27,DE0 27,1169.737570438312,1169.737570438312
1,DE0 28,DE0 28,1464.7160520899524,1464.7160520899524
2,DE0 28,DE0 28,1435.415979909163,1435.415979909163
3,DE0 28,DE0 28,1445.03356003276,1445.03356003276
4,DE0 28,DE0 28,1481.5228554386379,1481.5228554386379
5,DE0 28,DE0 28,1564.3107358530735,1564.3107358530735
6,DE0 28,DE0 28,1792.704322274384,1792.704322274384
7,DE0 28,DE0 28,1969.7828379372838,1969.7828379372838
8,DE0 28,DE0 28,2040.9401581675163,2040.9401581675163
9,DE0 28,DE0 28,2061.6451162872386,2061.6451162872386
10,DE0 28,DE0 28,2090.3700513078547,2090.3700513078547
11,DE0 28,DE0 28,2107.1129505276317,2107.1129505276317
12,DE0 28,DE0 28,2079.889762536357,2079.889762536357
13,DE0 28,DE0 28,2042.953141135763,2042.953141135763
14,DE0 28,DE0 28,1988.7623845764865,1988.7623845764865
15,DE0 28,DE0 28,1950.1323008521867,1950.1323008521867
16,DE0 28,DE0 28,1916.678454477086,1916.678454477086
17,DE0 28,DE0 28,1934.8272445328423,1934.8272445328423
18,DE0 28,DE0 28,2016.784374179113,2016.784374179113
19,DE0 28,DE0 28,1985.7269355457092,1985.7269355457092
20,DE0 28,DE0 28,1855.9375188894437,1855.9375188894437
21,DE0 28,DE0 28,1768.5485353783404,1768.5485353783404
22,DE0 28,DE0 28,1720.236967401535,1720.236967401535
23,DE0 28,DE0 28,1609.3951453200182,1609.3951453200182
24,DE0 28,DE0 28,1515.487931937362,1515.487931937362
1,DE0 29,DE0 29,2007.673379583396,2007.673379583396
2,DE0 29,DE0 29,1967.5120289562162,1967.5120289562162
3,DE0 29,DE0 29,1980.694761242522,1980.694761242522
4,DE0 29,DE0 29,2030.7103167637474,2030.7103167637474
5,DE0 29,DE0 29,2144.1869345853625,2144.1869345853625
6,DE0 29,DE0 29,2457.2440099627847,2457.2440099627847
7,DE0 29,DE0 29,2699.963970248106,2699.963970248106
8,DE0 29,DE0 29,2797.4986817608838,2797.4986817608838
9,DE0 29,DE0 29,2825.8787853195513,2825.8787853195513
10,DE0 29,DE0 29,2865.251800511722,2865.251800511722
11,DE0 29,DE0 29,2888.201144865961,2888.201144865961
12,DE0 29,DE0 29,2850.8865610874254,2850.8865610874254
13,DE0 29,DE0 29,2800.2578597688926,2800.2578597688926
14,DE0 29,DE0 29,2725.9790675017466,2725.9790675017466
15,DE0 29,DE0 29,2673.029152305766,2673.029152305766
16,DE0 29,DE0 29,2627.174260010343,2627.174260010343
17,DE0 29,DE0 29,2652.0506465390486,2652.0506465390486
18,DE0 29,DE0 29,2764.388561606684,2764.388561606684
19,DE0 29,DE0 29,2721.8184042759435,2721.8184042759435
20,DE0 29,DE0 29,2543.9171950957502,2543.9171950957502
21,DE0 29,DE0 29,2424.1338858231074,2424.1338858231074
22,DE0 29,DE0 29,2357.9136455147086,2357.9136455147086
23,DE0 29,DE0 29,2205.9837371751,2205.9837371751
24,DE0 29,DE0 29,2077.265947682589,2077.265947682589
1,DE0 3,DE0 3,1739.687551778249,1739.687551778249
2,DE0 3,DE0 3,1704.8869699409763,1704.8869699409763
3,DE0 3,DE0 3,1716.3100607136746,1716.3100607136746
4,DE0 3,DE0 3,1759.6495003956438,1759.6495003956438
5,DE0 3,DE0 3,1857.9791696783664,1857.9791696783664
6,DE0 3,DE0 3,2129.2491394695776,2129.2491394695776
7,DE0 3,DE0 3,2339.5706478237425,2339.5706478237425
8,DE0 3,DE0 3,2424.086349038186,2424.086349038186
9,DE0 3,DE0 3,2448.6782539671826,2448.6782539671826
10,DE0 3,DE0 3,2482.795728005718,2482.795728005718
11,DE0 3,DE0 3,2502.681775756586,2502.681775756586
12,DE0 3,DE0 3,2470.3479720814207,2470.3479720814207
13,DE0 3,DE0 3,2426.4772297872596,2426.4772297872596
14,DE0 3,DE0 3,2362.113229356527,2362.113229356527
15,DE0 3,DE0 3,2316.231110645924,2316.231110645924
16,DE0 3,DE0 3,2276.4969655774507,2276.4969655774507
17,DE0 3,DE0 3,2298.0528323918993,2298.0528323918993
18,DE0 3,DE0 3,2395.395793863272,2395.395793863272
19,DE0 3,DE0 3,2358.507934743031,2358.507934743031
20,DE0 3,DE0 3,2204.3531194207785,2204.3531194207785
21,DE0 3,DE0 3,2100.5585808411706,2100.5585808411706
22,DE0 3,DE0 3,2043.1774704913432,2043.1774704913432
23,DE0 3,DE0 3,1911.527286268612,1911.527286268612
24,DE0 3,DE0 3,1799.9908489428349,1799.9908489428349
1,DE0 30,DE0 30,1266.1300014516798,1266.1300014516798
2,DE0 30,DE0 30,1240.8024300224847,1240.8024300224847
3,DE0 30,DE0 30,1249.1160596290397,1249.1160596290397
4,DE0 30,DE0 30,1280.6581401430708,1280.6581401430708
5,DE0 30,DE0 30,1352.2216483054526,1352.2216483054526
6,DE0 30,DE0 30,1549.6496559350219,1549.6496559350219
7,DE0 30,DE0 30,1702.719884784784,1702.719884784784
8,DE0 30,DE0 30,1764.2297029081324,1764.2297029081324
9,DE0 30,DE0 30,1782.1274849504439,1782.1274849504439
10,DE0 30,DE0 30,1806.957896256074,1806.957896256074
11,DE0 30,DE0 30,1821.430794933735,1821.430794933735
12,DE0 30,DE0 30,1797.8985239507479,1797.8985239507479
13,DE0 30,DE0 30,1765.9697658540335,1765.9697658540335
14,DE0 30,DE0 30,1719.1261864563999,1719.1261864563999
15,DE0 30,DE0 30,1685.733565482432,1685.733565482432
16,DE0 30,DE0 30,1656.815388133974,1656.815388133974
17,DE0 30,DE0 30,1672.5035671136836,1672.5035671136836
18,DE0 30,DE0 30,1743.3489576110055,1743.3489576110055
19,DE0 30,DE0 30,1716.5022832908267,1716.5022832908267
20,DE0 30,DE0 30,1604.3097023022228,1604.3097023022228
21,DE0 30,DE0 30,1528.7689081244723,1528.7689081244723
22,DE0 30,DE0 30,1487.0074175302195,1487.0074175302195
23,DE0 30,DE0 30,1391.1935182063671,1391.1935182063671
24,DE0 30,DE0 30,1310.0182350879406,1310.0182350879406
1,DE0 31,DE0 31,1023.7531755727776,1023.7531755727776
2,DE0 31,DE0 31,1003.2740923424174,1003.2740923424174
3,DE0 31,DE0 31,1009.9962335921218,1009.9962335921218
4,DE0 31,DE0 31,1035.5001747777724,1035.5001747777724
5,DE0 31,DE0 31,1093.3641924160613,1093.3641924160613
6,DE0 31,DE0 31,1252.998313340485,1252.998313340485
7,DE0 31,DE0 31,1376.7661197197071,1376.7661197197071
8,DE0 31,DE0 31,1426.501037587922,1426.501037587922
9,DE0 31,DE0 31,1440.9726251662255,1440.9726251662255
10,DE0 31,DE0 31,1461.049720247909,1461.049720247909
11,DE0 31,DE0 31,1472.7520541030503,1472.7520541030503
12,DE0 31,DE0 31,1453.7245947429133,1453.7245947429133
13,DE0 31,DE0 31,1427.9079981405669,1427.9079981405669
14,DE0 31,DE0 31,1390.0317428519797,1390.0317428519797
15,DE0 31,DE0 31,1363.0315124462534,1363.0315124462534
16,DE0 31,DE0 31,1339.6491774108963,1339.6491774108963
17,DE0 31,DE0 31,1352.3341489628042,1352.3341489628042
18,DE0 31,DE0 31,1409.6175190852796,1409.6175190852796
19,DE0 31,DE0 31,1387.910136701686,1387.910136701686
20,DE0 31,DE0 31,1297.1947196978244,1297.1947196978244
21,DE0 31,DE0 31,1236.1147928055675,1236.1147928055675
22,DE0 31,DE0 31,1202.3477558002837,1202.3477558002837
23,DE0 31,DE0 31,1124.8756292537682,1124.8756292537682
24,DE0 31,DE0 31,1059.2398305796778,1059.2398305796778
1,DE0 32,DE0 32,601.3043943152014,601.3043943152014
2,DE0 32,DE0 32,589.2759454353504,589.2759454353504
3,DE0 32,DE0 32,593.2242145778547,593.2242145778547
4,DE0 32,DE0 32,608.2040283388308,608.2040283388308
5,DE0 32,DE0 32,642.190626777628,642.190626777628
6,DE0 32,DE0 32,735.9521902919935,735.9521902919935
7,DE0 32,DE0 32,808.6475700244578,808.6475700244578
8,DE0 32,DE0 32,837.8595181567125,837.8595181567125
9,DE0 32,DE0 32,846.3594470567452,846.3594470567452
10,DE0 32,DE0 32,858.1517870325855,858.1517870325855
11,DE0 32,DE0 32,865.0251867335469,865.0251867335469
12,DE0 32,DE0 32,853.8493533404019,853.8493533404019
13,DE0 32,DE0 32,838.6859005144134,838.6859005144134
14,DE0 32,DE0 32,816.4391722124578,816.4391722124578
15,DE0 32,DE0 32,800.5805086421078,800.5805086421078
16,DE0 32,DE0 32,786.8468264015188,786.8468264015188
17,DE0 32,DE0 32,794.2973812011735,794.2973812011735
18,DE0 32,DE0 32,827.9429346389512,827.9429346389512
19,DE0 32,DE0 32,815.1930406920707,815.1930406920707
20,DE0 32,DE0 32,761.9110776387797,761.9110776387797
21,DE0 32,DE0 32,726.0356055805695,726.0356055805695
22,DE0 32,DE0 32,706.2024385450472,706.2024385450472
23,DE0 32,DE0 32,660.6989605184225,660.6989605184225
24,DE0 32,DE0 32,622.1475839670999,622.1475839670999
1,DE0 33,DE0 33,959.2654314597612,959.2654314597612
2,DE0 33,DE0 33,940.0763563197689,940.0763563197689
3,DE0 33,DE0 33,946.37505983551,946.37505983551
4,DE0 33,DE0 33,970.2724696107612,970.2724696107612
5,DE0 33,DE0 33,1024.491546210678,1024.491546210678
6,DE0 33,DE0 33,1174.0700750377966,1174.0700750377966
7,DE0 33,DE0 33,1290.041562130637,1290.041562130637
8,DE0 33,DE0 33,1336.6436031165183,1336.6436031165183
9,DE0 33,DE0 33,1350.203603743078,1350.203603743078
10,DE0 33,DE0 33,1369.016012569272,1369.016012569272
11,DE0 33,DE0 33,1379.9811989076275,1379.9811989076275
12,DE0 33,DE0 33,1362.152307678574,1362.152307678574
13,DE0 33,DE0 33,1337.961937119072,1337.961937119072
14,DE0 33,DE0 33,1302.4715638158013,1302.4715638158013
15,DE0 33,DE0 33,1277.172118316967,1277.172118316967
16,DE0 33,DE0 33,1255.262671546578,1255.262671546578
17,DE0 33,DE0 33,1267.1485977631075,1267.1485977631075
18,DE0 33,DE0 33,1320.8236027029081,1320.8236027029081
19,DE0 33,DE0 33,1300.4836008109392,1300.4836008109392
20,DE0 33,DE0 33,1215.4824836387506,1215.4824836387506
21,DE0 33,DE0 33,1158.2500727199276,1158.2500727199276
22,DE0 33,DE0 33,1126.6100718927078,1126.6100718927078
23,DE0 33,DE0 33,1054.0180304993619,1054.0180304993619
24,DE0 33,DE0 33,992.5167289780447,992.5167289780447
1,DE0 34,DE0 34,702.9630289333869,702.9630289333869
2,DE0 34,DE0 34,688.9010082033037,688.9010082033037
3,DE0 34,DE0 34,693.5167856060614,693.5167856060614
4,DE0 34,DE0 34,711.02913933876,711.02913933876
5,DE0 34,DE0 34,750.7616315798792,750.7616315798792
6,DE0 34,DE0 34,860.3748546141985,860.3748546141985
7,DE0 34,DE0 34,945.360370784247,945.360370784247
8,DE0 34,DE0 34,979.5109935540692,979.5109935540692
9,DE0 34,DE0 34,989.4479503130336,989.4479503130336
10,DE0 34,DE0 34,1003.23394473782,1003.23394473782
11,DE0 34,DE0 34,1011.2693855537153,1011.2693855537153
12,DE0 34,DE0 34,998.204126481649,998.204126481649
13,DE0 34,DE0 34,980.4770870180762,980.4770870180762
14,DE0 34,DE0 34,954.4692486273208,954.4692486273208
15,DE0 34,DE0 34,935.929463647128,935.929463647128
16,DE0 34,DE0 34,919.8739168100757,919.8739168100757
17,DE0 34,DE0 34,928.5840885944749,928.5840885944749
18,DE0 34,DE0 34,967.917877567855,967.917877567855
19,DE0 34,DE0 34,953.0124417316746,953.0124417316746
20,DE0 34,DE0 34,890.7224427069472,890.7224427069472
21,DE0 34,DE0 34,848.7817372325168,848.7817372325168
22,DE0 34,DE0 34,825.5955052600889,825.5955052600889
23,DE0 34,DE0 34,772.3990492836964,772.3990492836964
24,DE0 34,DE0 34,727.330041496164,727.330041496164
1,DE0 35,DE0 35,686.3992508219594,686.3992508219594
2,DE0 35,DE0 35,672.6685706910039,672.6685706910039
3,DE0 35,DE0 35,677.1755874483732,677.1755874483732
4,DE0 35,DE0 35,694.2753010712819,694.2753010712819
5,DE0 35,DE0 35,733.0715844959936,733.0715844959936
6,DE0 35,DE0 35,840.1020129455483,840.1020129455483
7,DE0 35,DE0 35,923.0850322920276,923.0850322920276
8,DE0 35,DE0 35,956.4309707261959,956.4309707261959
9,DE0 35,DE0 35,966.1337849483784,966.1337849483784
10,DE0 35,DE0 35,979.5949427269987,979.5949427269987
11,DE0 35,DE0 35,987.4410460482836,987.4410460482836
12,DE0 35,DE0 35,974.6836410785396,974.6836410785396
13,DE0 35,DE0 35,957.3743003219565,957.3743003219565
14,DE0 35,DE0 35,931.9792794572038,931.9792794572038
15,DE0 35,DE0 35,913.8763437450466,913.8763437450466
16,DE0 35,DE0 35,898.1991105664949,898.1991105664949
17,DE0 35,DE0 35,906.7040463046001,906.7040463046001
18,DE0 35,DE0 35,945.1110210274138,945.1110210274138
19,DE0 35,DE0 35,930.5567990128467,930.5567990128467
20,DE0 35,DE0 35,869.7345268527484,869.7345268527484
21,DE0 35,DE0 35,828.7820618841797,828.7820618841797
22,DE0 35,DE0 35,806.1421624866159,806.1421624866159
23,DE0 35,DE0 35,754.1991640276754,754.1991640276754
24,DE0 35,DE0 35,710.192108311545,710.192108311545
1,DE0 36,DE0 36,349.19532006415864,349.19532006415864
2,DE0 36,DE0 36,342.210042563803,342.210042563803
3,DE0 36,DE0 36,344.5029197154599,344.5029197154599
4,DE0 36,DE0 36,353.20214245558765,353.20214245558765
5,DE0 36,DE0 36,372.93916954524286,372.93916954524286
6,DE0 36,DE0 36,427.3892941254933,427.3892941254933
7,DE0 36,DE0 36,469.6056601338826,469.6056601338826
8,DE0 36,DE0 36,486.56990598702896,486.56990598702896
9,DE0 36,DE0 36,491.50606714073183,491.50606714073183
10,DE0 36,DE0 36,498.35422918827265,498.35422918827265
11,DE0 36,DE0 36,502.3458165293888,502.3458165293888
12,DE0 36,DE0 36,495.85567816419797,495.85567816419797
13,DE0 36,DE0 36,487.0498107650763,487.0498107650763
14,DE0 36,DE0 36,474.13047492914103,474.13047492914103
15,DE0 36,DE0 36,464.9208780035358,464.9208780035358
16,DE0 36,DE0 36,456.9453208464596,456.9453208464596
17,DE0 36,DE0 36,461.2720792944566,461.2720792944566
18,DE0 36,DE0 36,480.8110514232414,480.8110514232414
19,DE0 36,DE0 36,473.40680934608935,473.40680934608935
20,DE0 36,DE0 36,442.4643909670753,442.4643909670753
21,DE0 36,DE0 36,421.63043886851034,421.63043886851034
22,DE0 36,DE0 36,410.1127297409354,410.1127297409354
23,DE0 36,DE0 36,383.68750863202337,383.68750863202337
24,DE0 36,DE0 36,361.2995793219703,361.2995793219703
1,DE0 37,DE0 37,905.2477067020575,905.2477067020575
2,DE0 37,DE0 37,887.139198155286,887.139198155286
3,DE0 37,DE0 37,893.0832119035389,893.0832119035389
4,DE0 37,DE0 37,915.6349214572184,915.6349214572184
5,DE0 37,DE0 37,966.8008377322246,966.8008377322246
6,DE0 37,DE0 37,1107.9563675281472,1107.9563675281472
7,DE0 37,DE0 37,1217.3973202515901,1217.3973202515901
8,DE0 37,DE0 37,1261.3751280059123,1261.3751280059123
9,DE0 37,DE0 37,1274.1715439586815,1274.1715439586815
10,DE0 37,DE0 37,1291.9245968561872,1291.9245968561872
11,DE0 37,DE0 37,1302.2723165392072,1302.2723165392072
12,DE0 37,DE0 37,1285.4473978370074,1285.4473978370074
13,DE0 37,DE0 37,1262.6192245753707,1262.6192245753707
14,DE0 37,DE0 37,1229.1273692565615,1229.1273692565615
15,DE0 37,DE0 37,1205.2525747861696,1205.2525747861696
16,DE0 37,DE0 37,1184.5768829561994,1184.5768829561994
17,DE0 37,DE0 37,1195.7934942263141,1195.7934942263141
18,DE0 37,DE0 37,1246.4459763605194,1246.4459763605194
19,DE0 37,DE0 37,1227.251351532852,1227.251351532852
20,DE0 37,DE0 37,1147.0367791489164,1147.0367791489164
21,DE0 37,DE0 37,1093.0272140857269,1093.0272140857269
22,DE0 37,DE0 37,1063.1689107949414,1063.1689107949414
23,DE0 37,DE0 37,994.6646398799065,994.6646398799065
24,DE0 37,DE0 37,936.6265720672862,936.6265720672862
1,DE0 38,DE0 38,1719.4838122706662,1719.4838122706662
2,DE0 38,DE0 38,1685.0873845525823,1685.0873845525823
3,DE0 38,DE0 38,1696.3778140608442,1696.3778140608442
4,DE0 38,DE0 38,1739.2139341962406,1739.2139341962406
5,DE0 38,DE0 38,1836.4016587533004,1836.4016587533004
6,DE0 38,DE0 38,2104.5212537543434,2104.5212537543434
7,DE0 38,DE0 38,2312.400208005454,2312.400208005454
8,DE0 38,DE0 38,2395.934392044648,2395.934392044648
9,DE0 38,DE0 38,2420.240700608554,2420.240700608554
10,DE0 38,DE0 38,2453.961953752466,2453.961953752466
11,DE0 38,DE0 38,2473.6170562809098,2473.6170562809098
12,DE0 38,DE0 38,2441.6587589695596,2441.6587589695596
13,DE0 38,DE0 38,2398.297506467637,2398.297506467637
14,DE0 38,DE0 38,2334.680992846843,2334.680992846843
15,DE0 38,DE0 38,2289.331722907583,2289.331722907583
16,DE0 38,DE0 38,2250.0590275492596,2250.0590275492596
17,DE0 38,DE0 38,2271.3645568145694,2271.3645568145694
18,DE0 38,DE0 38,2367.5770326223214,2367.5770326223214
19,DE0 38,DE0 38,2331.1175680697697,2331.1175680697697
20,DE0 38,DE0 38,2178.7530188958413,2178.7530188958413
21,DE0 38,DE0 38,2076.163890918631,2076.163890918631
22,DE0 38,DE0 38,2019.4491720739786,2019.4491720739786
23,DE0 38,DE0 38,1889.327898042875,1889.327898042875
24,DE0 38,DE0 38,1779.0867813182197,1779.0867813182197
1,DE0 39,DE0 39,857.1272184362907,857.1272184362907
2,DE0 39,DE0 39,839.9813085976784,839.9813085976784
3,DE0 39,DE0 39,845.6093548580199,845.6093548580199
4,DE0 39,DE0 39,866.9622773096537,866.9622773096537
5,DE0 39,DE0 39,915.4083536386538,915.4083536386538
6,DE0 39,DE0 39,1049.0604421500482,1049.0604421500482
7,DE0 39,DE0 39,1152.6838136276808,1152.6838136276808
8,DE0 39,DE0 39,1194.3238815939555,1194.3238815939555
9,DE0 39,DE0 39,1206.440075128993,1206.440075128993
10,DE0 39,DE0 39,1223.2494243669241,1223.2494243669241
11,DE0 39,DE0 39,1233.0470876179888,1233.0470876179888
12,DE0 39,DE0 39,1217.1165355040584,1217.1165355040584
13,DE0 39,DE0 39,1195.5018453978419,1195.5018453978419
14,DE0 39,DE0 39,1163.7903253606746,1163.7903253606746
15,DE0 39,DE0 39,1141.1846495620612,1141.1846495620612
16,DE0 39,DE0 39,1121.6080208710803,1121.6080208710803
17,DE0 39,DE0 39,1132.2283878126989,1132.2283878126989
18,DE0 39,DE0 39,1180.188322753329,1180.188322753329
19,DE0 39,DE0 39,1162.014031600022,1162.014031600022
20,DE0 39,DE0 39,1086.0634461453733,1086.0634461453733
21,DE0 39,DE0 39,1034.9248816079191,1034.9248816079191
22,DE0 39,DE0 39,1006.6537639266662,1006.6537639266662
23,DE0 39,DE0 39,941.7909923938628,941.7909923938628
24,DE0 39,DE0 39,886.8380692775153,886.8380692775153
1,DE0 4,DE0 4,1898.2759328776024,1898.2759328776024
2,DE0 4,DE0 4,1860.3029607284902,1860.3029607284902
3,DE0 4,DE0 4,1872.7673703695918,1872.7673703695918
4,DE0 4,DE0 4,1920.057595104826,1920.057595104826
5,DE0 4,DE0 4,2027.350910215584,2027.350910215584
6,DE0 4,DE0 4,2323.3496109252205,2323.3496109252205
7,DE0 4,DE0 4,2552.843842269883,2552.843842269883
8,DE0 4,DE0 4,2645.063920180806,2645.063920180806
9,DE0 4,DE0 4,2671.8976014488076,2671.8976014488076
10,DE0 4,DE0 4,2709.1251942954245,2709.1251942954245
11,DE0 4,DE0 4,2730.8240366001482,2730.8240366001482
12,DE0 4,DE0 4,2695.54271193227,2695.54271193227
13,DE0 4,DE0 4,2647.672751507849,2647.672751507849
14,DE0 4,DE0 4,2577.4413856303995,2577.4413856303995
15,DE0 4,DE0 4,2527.376693491433,2527.376693491433
16,DE0 4,DE0 4,2484.020418843234,2484.020418843234
17,DE0 4,DE0 4,2507.5412994429466,2507.5412994429466
18,DE0 4,DE0 4,2613.7579593295213,2613.7579593295213
19,DE0 4,DE0 4,2573.507435543364,2573.507435543364
20,DE0 4,DE0 4,2405.300003372967,2405.300003372967
21,DE0 4,DE0 4,2292.043646305626,2292.043646305626
22,DE0 4,DE0 4,2229.4317246030587,2229.4317246030587
23,DE0 4,DE0 4,2085.7804258319284,2085.7804258319284
24,DE0 4,DE0 4,1964.07642536471,1964.07642536471
1,DE0 5,DE0 5,2478.75424140482,2478.75424140482
2,DE0 5,DE0 5,2429.169423864267,2429.169423864267
3,DE0 5,DE0 5,2445.445354949614,2445.445354949614
4,DE0 5,DE0 5,2507.1965698858708,2507.1965698858708
5,DE0 5,DE0 5,2647.2993627933356,2647.2993627933356
6,DE0 5,DE0 5,3033.8122095964327,3033.8122095964327
7,DE0 5,DE0 5,3333.484027307984,3333.484027307984
8,DE0 5,DE0 5,3453.904301992635,3453.904301992635
9,DE0 5,DE0 5,3488.9435184224276,3488.9435184224276
10,DE0 5,DE0 5,3537.5550253522756,3537.5550253522756
11,DE0 5,DE0 5,3565.889208209914,3565.889208209914
12,DE0 5,DE0 5,3519.819123430241,3519.819123430241
13,DE0 5,DE0 5,3457.3108940507323,3457.3108940507323
14,DE0 5,DE0 5,3365.6033119056624,3365.6033119056624
15,DE0 5,DE0 5,3300.2292185851147,3300.2292185851147
16,DE0 5,DE0 5,3243.614925681542,3243.614925681542
17,DE0 5,DE0 5,3274.3283122542375,3274.3283122542375
18,DE0 5,DE0 5,3413.0252169779815,3413.0252169779815
19,DE0 5,DE0 5,3360.4663898729773,3360.4663898729773
20,DE0 5,DE0 5,3140.822407295515,3140.822407295515
21,DE0 5,DE0 5,2992.9331196611492,2992.9331196611492
22,DE0 5,DE0 5,2911.174949631843,2911.174949631843
23,DE0 5,DE0 5,2723.596178840353,2723.596178840353
24,DE0 5,DE0 5,2564.6760228561056,2564.6760228561056
1,DE0 6,DE0 6,1652.8452866109262,1652.8452866109262
2,DE0 6,DE0 6,1619.7818910590877,1619.7818910590877
3,DE0 6,DE0 6,1630.6347604280063,1630.6347604280063
4,DE0 6,DE0 6,1671.8107684585746,1671.8107684585746
5,DE0 6,DE0 6,1765.231986677808,1765.231986677808
6,DE0 6,DE0 6,2022.9606176093714,2022.9606176093714
7,DE0 6,DE0 6,2222.7832313889253,2222.7832313889253
8,DE0 6,DE0 6,2303.0800515013198,2303.0800515013198
9,DE0 6,DE0 6,2326.4443700590564,2326.4443700590564
10,DE0 6,DE0 6,2358.8587574000608,2358.8587574000608
11,DE0 6,DE0 6,2377.752127224283,2377.752127224283
12,DE0 6,DE0 6,2347.0323724337904,2347.0323724337904
13,DE0 6,DE0 6,2305.35158352034,2305.35158352034
14,DE0 6,DE0 6,2244.2005253141588,2244.2005253141588
15,DE0 6,DE0 6,2200.6087644988183,2200.6087644988183
16,DE0 6,DE0 6,2162.858080862087,2162.858080862087
17,DE0 6,DE0 6,2183.3379152016814,2183.3379152016814
18,DE0 6,DE0 6,2275.821680397477,2275.821680397477
19,DE0 6,DE0 6,2240.7752009203223,2240.7752009203223
20,DE0 6,DE0 6,2094.3155336925365,2094.3155336925365
21,DE0 6,DE0 6,1995.7022432244285,1995.7022432244285
22,DE0 6,DE0 6,1941.1855010167433,1941.1855010167433
23,DE0 6,DE0 6,1816.1070717024786,1816.1070717024786
24,DE0 6,DE0 6,1710.138345001614,1710.138345001614
1,DE0 7,DE0 7,1724.2237653270633,1724.2237653270633
2,DE0 7,DE0 7,1689.7325199366478,1689.7325199366478
3,DE0 7,DE0 7,1701.0540728003457,1701.0540728003457
4,DE0 7,DE0 7,1744.0082755818892,1744.0082755818892
5,DE0 7,DE0 7,1841.4639091758186,1841.4639091758186
6,DE0 7,DE0 7,2110.3226063915704,2110.3226063915704
7,DE0 7,DE0 7,2318.7746026669975,2318.7746026669975
8,DE0 7,DE0 7,2402.5390582028613,2402.5390582028613
9,DE0 7,DE0 7,2426.912369875924,2426.912369875924
10,DE0 7,DE0 7,2460.726579496521,2460.726579496521
11,DE0 7,DE0 7,2480.4358635546996,2480.4358635546996
12,DE0 7,DE0 7,2448.3894695552985,2448.3894695552985
13,DE0 7,DE0 7,2404.908686820024,2404.908686820024
14,DE0 7,DE0 7,2341.1168070306026,2341.1168070306026
15,DE0 7,DE0 7,2295.6425266613983,2295.6425266613983
16,DE0 7,DE0 7,2256.261571643363,2256.261571643363
17,DE0 7,DE0 7,2277.625832027767,2277.625832027767
18,DE0 7,DE0 7,2374.1035284880863,2374.1035284880863
19,DE0 7,DE0 7,2337.543559267094,2337.543559267094
20,DE0 7,DE0 7,2184.7589998520752,2184.7589998520752
21,DE0 7,DE0 7,2081.8870732540004,2081.8870732540004
22,DE0 7,DE0 7,2025.0160138244514,2025.0160138244514
23,DE0 7,DE0 7,1894.5360456747148,1894.5360456747148
24,DE0 7,DE0 7,1783.9910367503016,1783.9910367503016
1,DE0 8,DE0 8,1177.2639474690643,1177.2639474690643
2,DE0 8,DE0 8,1153.714046047921,1153.714046047921
3,DE0 8,DE0 8,1161.4441657016591,1161.4441657016591
4,DE0 8,DE0 8,1190.7723975378526,1190.7723975378526
5,DE0 8,DE0 8,1257.3130671510712,1257.3130671510712
6,DE0 8,DE0 8,1440.884165961188,1440.884165961188
7,DE0 8,DE0 8,1583.210831982095,1583.210831982095
8,DE0 8,DE0 8,1640.4034513884526,1640.4034513884526
9,DE0 8,DE0 8,1657.0450391510954,1657.0450391510954
10,DE0 8,DE0 8,1680.132674699918,1680.132674699918
11,DE0 8,DE0 8,1693.5897618940032,1693.5897618940032
12,DE0 8,DE0 8,1671.7091539006854,1671.7091539006854
13,DE0 8,DE0 8,1642.0213842785886,1642.0213842785886
14,DE0 8,DE0 8,1598.465622127775,1598.465622127775
15,DE0 8,DE0 8,1567.416733989054,1567.416733989054
16,DE0 8,DE0 8,1540.5282410382333,1540.5282410382333
17,DE0 8,DE0 8,1555.1153114757699,1555.1153114757699
18,DE0 8,DE0 8,1620.988266054872,1620.988266054872
19,DE0 8,DE0 8,1596.0258832424015,1596.0258832424015
20,DE0 8,DE0 8,1491.7077795564057,1491.7077795564057
21,DE0 8,DE0 8,1421.468978290594,1421.468978290594
22,DE0 8,DE0 8,1382.6386076234326,1382.6386076234326
23,DE0 8,DE0 8,1293.5496126457656,1293.5496126457656
24,DE0 8,DE0 8,1218.0717911492782,1218.0717911492782
1,DE0 9,DE0 9,1476.1183833890657,1476.1183833890657
2,DE0 9,DE0 9,1446.5902198115743,1446.5902198115743
3,DE0 9,DE0 9,1456.282669623879,1456.282669623879
4,DE0 9,DE0 9,1493.0560221577543,1493.0560221577543
5,DE0 9,DE0 9,1576.4883789119488,1576.4883789119488
6,DE0 9,DE0 9,1806.6599340632752,1806.6599340632752
7,DE0 9,DE0 9,1985.1169475576576,1985.1169475576576
8,DE0 9,DE0 9,2056.8282040531917,2056.8282040531917
9,DE0 9,DE0 9,2077.6943434419245,2077.6943434419245
10,DE0 9,DE0 9,2106.6428926061717,2106.6428926061717
11,DE0 9,DE0 9,2123.5161297733885,2123.5161297733885
12,DE0 9,DE0 9,2096.0810182437244,2096.0810182437244
13,DE0 9,DE0 9,2058.856857429823,2058.856857429823
14,DE0 9,DE0 9,2004.244243706657,2004.244243706657
15,DE0 9,DE0 9,1965.3134375234824,1965.3134375234824
16,DE0 9,DE0 9,1931.5991639897843,1931.5991639897843
17,DE0 9,DE0 9,1949.8892363893767,1949.8892363893767
18,DE0 9,DE0 9,2032.4843752547163,2032.4843752547163
19,DE0 9,DE0 9,2001.1851647064796,2001.1851647064796
20,DE0 9,DE0 9,1870.3853802552262,1870.3853802552262
21,DE0 9,DE0 9,1782.3161023345237,1782.3161023345237
22,DE0 9,DE0 9,1733.6284447375733,1733.6284447375733
23,DE0 9,DE0 9,1621.9237556345834,1621.9237556345834
24,DE0 9,DE0 9,1527.2855055729492,1527.2855055729492
