id,block_type,code_prm,p,q1,q2,q3,q4,q5,q6,q7,q8,q9,q10,q11,q12,q13,q14,q15,q16,q17,q18,q19,q20,q21,q22,q23,q24,MAR
1,normal,,2046,61,0,0,61,0,13,96,0,0,52,0,35,7,66,0,0,4,53,0,0,0,82,0,72,0
2,normal,,2467,0,32,77,0,0,17,0,73,0,0,0,0,0,0,0,84,0,53,46,0,0,0,43,39,0
3,normal,,1005,63,83,87,68,0,0,100,9,0,51,41,68,9,63,18,80,28,0,51,78,0,70,0,61,0
4,normal,,295,60,78,0,0,70,0,58,0,0,51,100,28,0,0,70,0,0,0,40,30,78,92,0,0,0
5,normal,,77,-74,0,-73,-51,0,0,0,0,-53,-98,0,0,0,0,-49,-13,-63,-85,0,0,0,0,0,0,0
6,normal,,1944,87,20,0,86,0,0,63,51,98,0,0,0,0,60,0,20,0,0,0,0,53,79,31,19,0.8
7,normal,,2689,0,68,0,69,0,19,0,0,53,36,0,0,0,0,24,0,39,90,0,83,0,71,0,0,0.5
8,normal,,3857,67,0,89,24,38,0,10,0,0,55,0,38,35,0,3,60,20,0,0,0,0,32,80,0,0
9,normal,,3518,0,0,-64,0,-92,-71,-99,-92,0,-40,0,0,0,0,0,-43,-84,-94,0,0,-76,-64,-37,-9,0.8
10,normal,,230,0,0,0,-80,-70,0,0,-58,0,0,0,-43,0,0,-95,-69,0,0,-77,0,-74,0,-84,-16,0.5
11,normal,,303,0,0,0,74,67,14,80,26,0,0,72,28,0,19,26,30,21,9,0,42,5,0,0,54,0.5
12,normal,,-319,32,85,97,7,0,0,22,20,87,25,22,0,13,58,0,0,0,0,34,63,0,0,0,0,0
13,normal,,2090,0,34,0,0,0,65,0,0,91,13,0,93,0,0,93,9,0,84,86,6,0,78,23,14,0.8
14,normal,,462,0,-37,-95,0,-16,-45,0,-19,0,0,-63,0,0,-97,-27,-18,0,-84,0,-92,0,-42,-25,-53,0.8
15,normal,,1605,27,5,0,78,76,0,64,0,64,0,0,0,87,0,0,0,0,0,0,91,16,0,0,11,0.5
16,normal,,3976,-93,0,0,-17,-41,0,-54,-10,-35,0,-71,-30,-24,-86,-89,-37,-81,0,0,-66,0,-22,0,-2,1
17,normal,,517,0,0,95,0,30,0,0,0,0,0,0,0,96,0,0,41,66,53,0,0,0,12,0,0,0
18,normal,,-392,0,0,0,0,64,22,0,0,0,0,48,63,0,0,97,0,0,0,0,78,95,21,72,0,1
19,normal,,1798,0,53,58,0,31,20,80,91,0,0,74,54,0,86,0,0,79,14,25,0,0,59,93,0,0.8
20,normal,,-351,-40,0,-39,-38,0,0,0,-69,0,-95,-72,0,0,-55,-59,0,0,0,-66,-99,-13,-51,0,0,0
21,normal,,1429,-90,0,-41,0,-52,0,0,0,-71,0,-81,0,-54,0,-52,0,-38,-35,0,0,0,0,-63,0,1
22,normal,,-62,-54,0,-80,-39,-50,0,-91,0,0,0,-6,-94,0,-67,-16,-33,0,0,-64,0,0,0,-16,0,0
23,normal,,1156,0,-87,-51,0,-98,-65,-38,0,-55,0,0,0,-66,-73,0,-8,0,0,-79,0,0,-14,-39,-46,0
24,normal,,94,-4,0,0,-80,-33,0,0,0,0,-26,-51,-76,0,0,-83,-70,0,0,0,0,-29,-53,0,0,1
25,normal,,2459,0,0,0,0,-93,-90,0,-52,0,-64,0,0,0,-22,0,0,0,0,-91,-80,0,-92,0,-10,1
26,normal,,73,-21,0,-99,0,0,0,0,-42,0,0,0,-10,0,0,0,0,-89,0,0,-90,0,-32,0,0,0.5
27,normal,,1495,-89,0,0,0,-55,-19,-83,-34,-69,-69,0,0,-69,-53,-64,0,0,0,-26,0,-28,0,0,0,0
28,normal,,1172,0,0,90,0,0,0,0,0,0,0,91,0,0,45,0,0,0,0,0,0,0,0,98,0,0
29,normal,,2091,0,0,0,55,57,20,93,0,0,95,0,0,0,0,0,0,0,0,0,53,0,74,0,0,0.5
30,normal,,1893,12,2,0,0,0,0,77,56,60,51,70,34,0,0,91,55,20,87,0,0,84,0,0,0,0
31,normal,,3331,0,0,0,0,0,0,19,77,0,19,0,0,0,0,0,0,30,16,0,0,0,0,0,0,1
32,normal,,146,-81,0,0,-55,-70,0,-73,-32,-73,0,-17,0,0,0,-72,0,-37,0,-7,0,0,0,-87,-92,0
33,normal,,3269,-78,0,0,-26,0,0,-36,0,0,-35,0,-35,-7,0,-77,0,-65,-25,-94,0,0,0,0,0,0.5
34,normal,,2937,-10,0,-12,-69,0,-100,0,-49,0,0,0,0,-81,0,0,-33,-57,0,-63,-96,-72,0,0,-39,0
35,normal,,363,65,21,81,69,0,43,8,94,0,0,0,0,46,33,0,0,22,7,43,73,17,0,0,63,0.5
36,normal,,1015,0,56,0,2,0,72,42,0,0,0,0,85,39,0,0,0,55,61,0,0,0,0,0,24,1
37,normal,,937,0,45,0,19,0,0,0,0,97,32,35,0,3,0,0,93,63,6,0,66,0,0,0,94,0.5
38,normal,,2740,85,20,57,19,0,0,0,76,61,0,23,0,0,47,29,0,36,0,0,0,0,56,48,77,0.5
39,normal,,2315,0,0,68,95,20,0,93,0,0,59,93,0,0,0,0,0,98,2,0,38,0,0,0,3,0.5
40,normal,,3165,-93,-79,0,0,0,0,-36,-39,0,-43,-97,0,0,0,0,0,-57,-32,0,-2,0,0,-89,-17,0.5
41,normal,,2386,62,41,0,0,50,0,0,0,98,85,100,23,0,90,54,87,53,38,95,42,70,0,17,29,0.8
42,normal,,703,0,0,-15,0,0,0,0,-92,-100,-94,0,0,-85,0,-75,-67,0,0,-12,-85,-83,-30,-50,-97,1
43,normal,,-304,33,0,0,67,0,35,35,0,0,96,0,86,72,0,0,30,0,10,82,92,0,17,76,26,1
44,normal,,2520,0,2,0,97,0,85,0,0,0,0,0,0,0,0,76,0,77,0,91,63,0,97,16,0,0.5
45,normal,,2839,-8,0,-58,0,0,-47,0,0,0,-3,0,0,-23,-55,-85,-73,0,-1,-37,0,0,0,-41,-44,0.5
46,normal,,1579,0,0,0,0,0,88,0,0,0,0,80,0,0,0,9,57,50,0,84,0,0,0,73,0,0.8
47,normal,,2673,45,99,76,0,16,0,47,0,97,48,14,25,0,27,0,0,0,0,0,0,86,43,52,30,0.8
48,normal,,1863,0,0,42,70,12,97,0,10,33,0,0,82,0,29,0,0,29,96,38,50,0,0,0,0,1
49,normal,,3492,-12,0,-10,0,-88,0,0,0,0,0,0,-19,-51,0,-7,-77,-51,0,-81,0,-25,-66,0,0,0
50,normal,,2484,82,3,0,34,46,2,97,0,0,100,0,7,51,0,34,10,0,0,0,0,0,0,79,57,1
51,normal,,-460,-36,0,-72,0,-17,0,0,0,0,-32,0,0,0,-19,0,0,-24,-67,-95,-19,-97,-85,0,0,0.5
52,normal,,2658,0,0,94,0,17,0,0,0,35,0,0,54,35,0,8,32,0,28,50,51,0,32,0,21,0.8
53,normal,,1669,0,-8,0,-47,0,-99,-46,-13,0,0,-85,0,-96,0,0,-36,-68,0,-65,-90,-93,0,-79,0,1
54,normal,,1173,0,0,7,81,83,0,73,7,40,28,81,0,0,33,33,0,35,0,66,72,0,31,54,0,0
55,normal,,2189,-82,0,0,0,-9,-41,-83,-81,0,0,0,-29,-67,-26,0,-17,-29,0,-18,-48,-73,0,-47,0,1
56,normal,,872,0,68,0,41,0,71,76,0,84,26,2,0,22,0,82,0,0,30,0,79,23,0,0,0,1
57,normal,,3426,44,0,0,0,0,2,0,31,0,0,80,0,51,0,0,30,0,8,34,0,0,80,67,0,1
58,normal,,2365,0,29,18,0,0,0,0,0,0,0,10,18,13,51,53,0,24,89,0,24,0,0,0,97,1
59,normal,,3732,84,0,11,0,0,0,0,0,0,0,0,79,21,0,12,87,0,0,0,44,47,5,12,39,0.5
60,normal,,897,46,29,68,0,0,33,0,0,36,0,79,67,0,96,0,64,84,0,0,84,0,0,22,0,0.8
61,normal,,2194,-92,0,-99,-91,0,0,-96,0,0,0,-15,-39,-28,-57,-40,0,-21,-33,-50,0,0,-60,0,0,0.8
62,normal,,582,0,0,0,0,41,16,53,70,0,0,0,0,0,37,24,76,0,0,0,26,0,3,0,0,0.8
63,normal,,1520,-97,0,-48,-71,-48,-33,0,-80,0,0,0,-59,-45,-16,0,-14,0,0,0,0,0,0,0,0,1
64,normal,,860,0,0,50,0,21,0,9,0,0,96,26,0,21,27,38,0,0,0,0,91,0,0,0,0,0.8
65,normal,,942,45,0,0,17,0,0,0,87,0,50,17,98,98,0,47,0,94,0,0,0,0,65,0,0,0
66,normal,,3768,48,0,7,0,0,59,0,50,0,60,0,0,72,0,0,8,54,9,0,77,56,7,1,0,1
67,normal,,3553,90,0,0,12,17,24,0,31,0,0,0,0,0,0,0,0,15,9,0,0,55,19,91,0,0.5
68,normal,,2765,85,0,43,0,0,0,0,0,41,59,0,0,19,0,0,48,0,55,0,23,93,79,2,0,0
69,normal,,-12,0,83,0,0,0,76,0,0,0,0,89,80,85,86,16,0,0,0,85,0,0,0,41,6,0
70,normal,,671,-93,0,-80,0,0,0,0,0,0,0,-90,0,0,0,0,0,-82,-42,0,-80,0,-40,0,0,0.8
71,normal,,1783,0,0,0,0,-53,0,-51,-46,0,-47,0,-76,-50,0,0,-5,0,0,0,-27,-86,-32,-94,0,0
72,normal,,3117,0,0,0,-26,0,-27,-27,-56,-1,-17,-10,-27,0,0,-48,0,-81,0,-76,-97,-1,-45,0,0,0.5
73,normal,,-220,5,69,0,40,20,0,45,70,0,0,0,0,51,0,91,0,0,49,0,77,0,14,0,0,1
74,normal,,2591,0,0,0,0,0,0,0,0,-43,0,-20,-25,-34,-76,-39,0,0,0,0,0,0,0,-59,-56,1
75,normal,,2422,0,0,0,0,0,0,0,0,36,75,64,0,90,30,0,88,0,0,0,76,0,99,63,12,0.5
76,normal,,2510,0,0,73,78,61,0,1,22,0,0,0,0,21,0,0,4,0,43,58,92,0,0,44,72,1
77,normal,,2855,-32,0,0,0,-4,-74,-22,-72,-6,0,0,0,-86,0,-32,-26,0,-47,0,-67,-87,0,-32,-66,1
78,normal,,3770,-9,-53,0,0,-57,0,-9,0,-9,-34,0,0,0,0,-13,-44,0,-88,0,-75,-88,0,0,-39,0
79,normal,,3724,67,33,0,0,0,0,0,55,51,23,84,0,0,52,0,92,0,0,0,79,0,0,92,0,1
80,normal,,2845,0,63,0,73,0,36,58,4,0,0,18,0,80,25,0,17,0,53,0,2,0,60,0,0,0.8
81,normal,,1178,11,38,78,0,0,82,0,0,75,89,7,0,0,45,75,100,0,17,65,65,80,0,0,20,0
82,normal,,350,99,94,0,0,0,0,0,0,20,0,0,39,0,0,0,72,78,73,0,0,0,0,0,0,1
83,normal,,3349,0,78,75,39,0,34,0,0,45,60,51,0,98,0,17,0,0,90,93,0,0,0,0,17,0.8
84,normal,,2529,-66,0,-27,-36,0,-69,-3,-97,-1,0,-11,-56,0,-94,-15,0,-89,-29,-69,-3,0,-91,-40,-36,1
85,normal,,1151,-49,0,0,-27,-95,0,-56,0,-90,0,0,-99,-68,0,-8,0,-54,-99,0,-6,0,0,0,-38,0.8
86,normal,,1807,0,84,96,0,0,11,21,26,40,2,3,0,0,0,55,0,55,31,77,0,0,0,0,47,0
87,normal,,-2,0,0,0,-72,-69,0,-35,0,-21,0,-73,0,0,0,0,0,0,-46,-35,-61,-23,0,-87,0,0.5
88,normal,,3908,0,0,49,0,61,0,0,0,28,0,0,0,0,0,0,47,21,0,0,0,0,0,0,63,0.8
89,normal,,-107,0,-25,0,-43,-54,0,0,-77,-35,-39,0,0,0,-64,0,0,0,0,-72,-10,-78,0,-76,-80,0
90,normal,,1543,0,42,82,14,0,0,53,13,0,49,0,67,98,73,0,45,43,25,23,68,34,0,0,0,0.8
91,normal,,3279,52,0,40,81,0,42,0,71,0,71,0,0,41,0,0,0,0,0,0,63,0,100,36,0,1
92,normal,,1164,-81,0,-40,0,0,-84,-79,0,-35,0,0,0,0,0,0,-31,-73,-94,-41,-27,-89,-51,0,-83,0.8
93,normal,,3649,53,27,0,66,0,0,0,0,0,94,88,0,55,27,0,0,0,89,56,0,0,75,32,69,0.5
94,normal,,1084,0,90,0,76,1,65,0,5,0,23,84,0,21,78,0,0,43,0,84,0,0,56,57,84,0.8
95,normal,,2039,73,0,0,0,0,0,0,0,0,92,0,22,0,0,96,0,47,73,13,98,6,0,27,14,1
96,normal,,687,31,0,0,85,0,46,0,0,56,49,0,0,0,98,0,79,0,0,84,19,54,88,84,39,0.5
97,normal,,425,-85,-63,-5,0,-27,-68,-84,-32,0,-98,0,0,0,-50,0,0,-77,0,0,-89,-11,0,-61,0,0.8
98,normal,,2923,-63,0,-58,0,0,0,-27,-94,-7,0,0,0,0,-3,-76,0,0,-19,0,0,-9,-86,0,-44,1
99,normal,,1252,66,92,0,72,0,0,0,90,0,0,11,0,0,86,73,0,0,82,50,0,0,73,0,0,0.5
100,normal,,3063,30,42,0,72,36,8,0,30,0,97,0,88,24,0,0,93,0,98,0,5,61,0,0,59,0.5
101,normal,,2038,54,90,33,0,70,57,7,0,0,50,0,17,0,0,0,0,0,78,38,2,0,83,36,0,0
102,normal,,44,-54,-28,-5,0,-20,0,-98,0,0,-86,-92,-29,0,-54,-31,0,-98,0,0,0,0,0,-44,-7,0
103,normal,,3461,85,68,26,2,46,0,87,0,11,53,0,0,60,78,18,89,68,0,0,92,1,9,0,0,0.8
104,normal,,3431,0,-8,0,0,0,0,-30,0,-87,-15,0,0,-61,0,-23,0,0,0,-60,0,0,0,0,-34,0
105,normal,,1720,-57,-77,0,-3,0,-96,0,-4,-96,0,-78,0,-88,-76,0,-90,-74,0,-90,0,0,-51,-18,-68,0
106,normal,,-167,-11,-35,-58,-56,-3,-28,-16,-49,-83,0,-47,0,0,-35,-31,-6,0,0,-12,0,-46,0,-96,0,0.8
107,normal,,444,0,-96,0,-14,-81,0,0,-90,-69,0,-16,-64,0,0,0,-44,-55,-4,-24,0,-17,-48,-10,-70,1
108,normal,,3727,0,-21,-25,0,-73,-87,0,0,0,0,-13,-94,-12,-36,-45,-87,-40,0,-46,-89,0,0,0,-32,0
109,normal,,-362,0,0,0,0,0,29,28,84,0,0,46,24,0,0,30,0,66,0,23,86,39,0,0,0,0.8
110,normal,,2186,-17,-15,-61,-74,-75,-2,0,0,0,-93,0,0,0,0,0,-30,0,-30,0,0,0,-50,0,0,0.8
111,normal,,128,28,0,0,8,66,0,25,0,0,67,17,0,0,13,0,50,0,17,0,0,77,0,0,31,1
112,normal,,1260,0,0,0,20,0,54,84,98,98,0,62,47,0,3,0,0,0,78,63,0,86,0,0,0,0.5
113,normal,,1461,-7,-55,0,-63,0,0,-4,-80,-85,0,-86,-52,0,0,0,-12,-35,0,-46,0,-13,0,0,-77,1
114,normal,,59,-5,0,-6,-26,0,-18,0,-80,0,-2,-30,-21,0,0,0,0,-41,0,-66,-8,0,0,0,0,0
115,normal,,3938,27,0,0,0,87,99,0,37,46,0,0,0,25,0,72,84,0,56,29,8,100,0,0,29,0
116,normal,,710,0,0,0,-19,-8,-74,0,-51,-57,0,0,-31,-67,-73,-87,-54,-57,-59,-95,0,-51,-13,-7,-61,0
117,normal,,475,0,0,0,30,45,37,69,0,0,0,14,69,10,83,61,0,2,82,33,84,0,0,0,19,0.5
118,normal,,1245,0,0,17,0,0,24,82,0,81,0,44,0,0,0,22,12,0,0,0,93,16,10,0,0,0.8
119,normal,,3063,0,0,0,-59,-43,0,-30,-24,0,0,-90,0,0,-60,-29,0,0,-24,0,0,-87,-67,0,0,0.8
120,normal,,2078,-64,0,-14,-88,-5,-95,0,-87,-73,0,0,0,-15,0,0,-54,0,-67,-30,-11,-51,-76,0,-12,0
121,normal,,-272,0,0,39,36,0,71,0,9,93,0,35,29,1,0,0,0,67,0,0,71,79,0,0,71,0.8
122,normal,,2980,0,0,-38,-69,-88,0,0,-53,-5,-5,-15,-52,0,0,-12,0,0,-64,-38,0,0,0,0,-83,1
123,normal,,2592,0,62,98,0,61,0,12,0,46,0,0,0,0,17,34,0,0,26,14,0,92,80,47,34,1
124,normal,,3576,-96,0,-65,0,-86,-5,0,-31,-75,-66,0,0,0,0,-12,0,-78,-84,0,0,0,-1,-92,-91,0.8
125,normal,,734,0,0,0,0,0,-25,-65,-31,0,0,-68,-13,-24,-53,0,-97,-18,0,-31,-94,-22,0,0,0,1
126,normal,,997,-4,0,0,-5,0,-75,-100,0,0,0,0,0,-44,0,0,0,-83,0,0,-93,0,0,0,-94,0
127,normal,,3092,0,0,1,0,0,51,0,55,0,67,48,20,81,0,23,0,31,54,80,0,58,8,77,24,1
128,normal,,134,0,79,0,0,32,0,20,0,100,0,0,82,0,0,79,0,0,0,0,100,0,6,38,0,0.5
129,normal,,969,-84,-30,0,0,-17,-58,-63,-87,-84,0,0,-38,-4,0,-92,0,0,0,0,-27,-90,-89,0,-5,1
130,normal,,517,75,0,0,64,0,0,0,0,55,35,70,0,17,0,0,0,99,0,0,36,13,70,0,0,1
131,normal,,1277,0,-31,0,-68,-32,0,0,-71,0,0,0,0,-68,-14,0,-70,-50,-3,0,0,-13,0,-19,-82,0.5
132,normal,,341,0,84,0,29,0,67,2,40,0,0,14,28,0,33,16,54,0,7,0,0,70,53,0,0,1
133,normal,,-381,-57,-93,0,-56,-66,-35,0,0,-57,0,-27,-16,-18,0,-62,0,0,-42,0,0,0,-43,-23,-44,1
134,normal,,2164,0,0,0,0,-24,0,0,-94,0,0,0,0,0,-83,-30,0,-58,0,-43,-40,0,0,-97,-81,1
135,normal,,2521,0,64,40,57,99,57,48,46,0,0,5,95,31,0,8,0,68,45,0,44,47,0,0,0,1
136,normal,,789,0,-64,0,-11,0,-66,-43,0,0,0,0,-80,-53,0,-78,-34,-25,-33,0,0,-38,0,0,-92,1
137,normal,,183,55,6,32,0,0,57,0,10,0,8,0,37,74,0,0,43,0,0,92,0,0,0,2,0,0.5
138,normal,,290,31,58,0,0,0,0,91,4,53,0,0,0,43,40,0,0,0,70,0,0,13,88,0,0,0.5
139,normal,,3348,-99,-2,0,-95,0,-11,0,-57,-1,0,0,-79,0,-49,0,0,-6,0,0,-83,0,-77,0,0,0.8
140,normal,,383,2,0,99,40,0,0,0,0,0,0,28,0,0,0,0,0,0,40,0,89,0,10,0,0,1
141,normal,,3883,0,-48,0,0,0,-20,-79,-76,0,-21,-14,-55,-20,-14,-44,0,-95,-64,-97,-9,0,-78,-85,-1,0
142,normal,,2457,0,0,0,40,0,23,0,22,38,24,0,0,86,69,0,56,0,42,68,43,13,0,0,0,1
143,normal,,3741,-39,0,0,-48,0,-33,-45,0,-80,-43,-15,0,0,-51,0,0,0,0,-38,0,-50,0,0,0,0.5
144,normal,,265,-7,-44,0,-28,-12,0,0,-50,-26,0,0,-97,-83,-21,-2,-37,0,0,-26,-37,-59,-48,0,-28,0
145,normal,,1778,71,0,0,49,79,31,0,62,98,35,0,0,3,72,0,71,0,0,36,0,10,0,0,97,0
146,normal,,1413,1,32,4,10,100,0,9,6,12,0,33,0,0,31,0,5,0,0,22,0,0,66,0,0,1
147,normal,,-296,-81,0,0,0,0,-46,0,0,-82,-80,0,0,0,-96,-48,-12,-72,0,0,0,0,0,-26,0,0
148,normal,,215,0,0,67,0,0,19,20,35,98,0,0,89,0,99,0,29,32,0,75,6,0,65,31,0,0.5
149,normal,,-445,-75,0,0,0,-85,0,-56,0,0,0,0,-76,0,-40,0,0,0,-25,-89,0,-73,-24,0,-70,0.8
150,normal,,940,0,0,0,65,2,66,31,0,86,97,0,85,83,0,0,0,0,0,54,39,0,9,0,8,0.8
151,normal,,59,79,54,40,21,0,0,73,0,0,97,43,0,56,0,0,89,97,28,0,40,0,0,0,50,1
152,normal,,-111,98,69,13,0,0,0,39,13,0,24,13,5,72,13,0,0,13,0,0,0,0,99,0,0,0.5
153,normal,,1540,0,0,0,-67,0,-80,-24,-30,0,-35,-51,-78,0,-45,0,0,0,0,0,0,-100,0,0,-11,1
154,normal,,3013,-28,-18,-75,-41,0,-79,-97,-58,-20,-26,-51,0,0,0,-76,0,0,0,-58,-62,-69,0,0,-67,0.5
155,normal,,482,0,-5,0,-78,-12,-45,-26,0,0,0,0,-17,0,0,-76,-58,-32,-69,-72,0,0,-96,-64,0,0.5
156,normal,,2529,86,64,0,18,0,39,0,54,0,0,94,40,15,63,0,100,40,0,0,21,68,66,40,40,1
157,normal,,3774,39,0,78,0,0,100,65,0,50,0,0,3,32,33,67,96,0,88,37,0,15,29,3,38,0.8
158,normal,,1140,20,0,0,0,59,0,57,0,12,0,100,0,0,49,0,0,0,0,36,0,48,0,0,0,0
159,normal,,2671,-5,-44,-76,-92,0,-32,0,-64,0,0,-19,-27,-25,-75,0,0,-42,0,0,-37,0,0,0,-94,1
160,normal,,3131,0,57,96,0,0,88,0,0,0,0,1,0,32,86,0,0,0,0,41,30,37,21,0,0,0
161,normal,,469,0,31,0,0,35,0,0,0,96,86,57,0,0,0,0,98,4,73,0,42,0,0,0,75,0
162,normal,,2834,0,-88,-100,0,-63,0,0,0,-90,0,0,-4,0,-53,-38,-23,-61,-9,-52,0,0,0,0,0,0
163,normal,,-412,-24,-97,-46,-98,0,0,-84,0,-95,-95,-6,-34,-43,0,0,-15,-69,-37,0,0,0,-80,0,0,0
164,normal,,-246,83,24,53,0,0,0,90,0,0,10,0,0,0,85,35,0,0,0,0,89,0,0,96,0,1
165,normal,,3346,95,0,46,0,0,0,73,0,0,65,68,0,0,32,0,80,0,0,0,4,0,0,0,0,0
166,normal,,2687,2,55,0,0,39,0,0,82,72,20,82,9,53,53,18,4,78,16,0,32,77,0,0,0,0
167,normal,,2715,0,0,0,0,0,0,-52,-61,0,-75,0,0,0,-19,-5,0,0,0,0,0,0,-16,-60,0,0
168,normal,,3993,-76,-70,-45,0,0,0,-74,0,-12,-8,-87,0,-92,-52,0,-99,0,-23,-74,-43,-56,-98,0,-78,0.8
169,normal,,2417,25,0,0,74,24,0,0,0,0,0,48,0,0,45,27,0,35,11,0,59,51,0,53,0,0
170,normal,,3316,44,0,0,29,59,0,41,80,0,0,0,0,26,48,0,23,45,56,0,0,2,0,0,54,1
171,normal,,-96,-19,-80,-41,-96,0,-28,0,-9,-30,-47,0,0,0,-86,0,-13,-15,-34,-54,-11,-93,-26,-40,0,1
172,normal,,2568,0,-24,-24,-91,0,0,0,0,-35,-60,0,0,0,-77,0,0,-24,0,-1,0,0,-56,-91,-77,1
173,normal,,1263,-96,-86,0,0,0,0,0,0,-77,0,0,-61,0,-45,-64,0,-57,0,0,-64,0,0,0,-81,0
174,normal,,2033,-70,0,0,-86,-95,0,0,0,0,-39,-2,0,0,0,-86,-88,-63,0,-5,0,0,-66,-49,0,0.8
175,normal,,1758,0,0,0,11,88,0,94,0,0,0,0,0,0,0,0,0,7,67,95,94,4,82,91,94,1
176,normal,,3635,0,0,34,0,0,0,91,0,60,0,0,6,78,0,47,0,0,29,0,18,46,9,0,29,0
177,normal,,1983,0,0,8,90,57,63,87,0,0,66,95,38,80,0,0,45,0,0,0,0,0,0,0,0,1
178,normal,,3928,63,41,88,54,0,22,57,3,0,0,0,0,0,0,81,0,0,9,0,30,41,0,34,91,0
179,normal,,2577,0,0,0,0,-22,-58,-60,-29,-36,-52,0,-51,0,-90,0,-49,0,0,0,-48,-22,0,-12,0,1
180,normal,,3641,0,91,64,0,80,0,0,87,0,88,83,44,0,87,0,30,0,29,0,68,83,60,0,85,1
181,exclusive,1,43,0,0,-58,0,-59,-5,0,-26,0,0,-28,-86,0,0,-2,0,-98,0,-94,0,0,0,0,-24,0.8
182,exclusive,1,53,-67,-98,0,-40,-68,-46,0,0,0,-48,0,0,0,0,-56,0,-20,0,-42,-91,-34,0,-24,-5,0.8
183,exclusive,1,1276,-86,-3,-54,-65,0,-11,0,0,-13,0,0,0,-12,0,0,0,0,0,-35,0,0,0,0,-40,0.8
184,exclusive,2,3669,24,0,70,0,80,7,97,91,21,12,69,6,22,77,90,0,16,19,92,70,30,0,36,11,0.5
185,exclusive,2,1120,0,0,0,0,15,61,59,42,0,98,60,0,0,0,33,96,0,17,14,0,49,0,0,0,0
186,exclusive,2,793,0,-41,-56,-5,-70,-76,0,-65,0,-63,0,-88,0,0,-79,0,0,0,-100,-93,-9,-42,-35,0,0
187,exclusive,3,1373,0,0,0,0,23,0,0,0,0,3,0,46,21,57,25,40,0,0,0,0,88,0,0,66,0.8
188,exclusive,3,709,0,0,19,56,59,11,56,0,62,31,0,50,27,14,0,42,0,0,0,11,0,28,57,0,0.8
189,exclusive,3,3364,0,95,0,0,36,68,52,7,33,0,0,0,0,21,92,0,12,0,0,95,34,0,0,80,0
190,exclusive,4,2005,0,-21,-10,-13,0,0,-31,0,-68,-17,-96,-69,-46,0,-23,-15,-69,0,0,0,-5,-30,0,-10,0
191,exclusive,4,644,0,0,0,0,-10,-54,0,-76,0,-59,-79,0,-6,0,0,-39,0,-20,-63,-47,-50,0,-51,-28,0.5
192,exclusive,4,3373,0,36,0,98,42,85,85,0,0,93,0,74,0,6,0,19,32,0,0,0,0,0,63,87,0.5
193,exclusive,5,1189,1,40,0,11,33,76,33,57,0,0,0,90,0,0,57,57,0,0,53,68,61,0,85,12,0
194,exclusive,5,2039,0,0,0,0,23,79,0,17,79,0,0,0,61,0,41,0,1,31,57,0,0,0,0,44,1
195,exclusive,6,2510,75,0,0,0,2,0,11,50,0,82,7,40,2,47,0,0,92,0,0,0,52,73,0,0,1
196,exclusive,6,1126,0,-88,-48,0,0,-49,-39,-80,0,0,0,0,0,-61,-73,-64,-38,0,0,-100,0,-55,0,-2,1
197,exclusive,7,2037,-16,-22,-78,-4,-46,-70,-43,0,-56,-76,-92,-27,-27,0,-51,-56,0,0,-89,-44,0,0,-24,-32,0.5
198,exclusive,7,2669,75,0,74,67,0,0,0,0,0,94,0,44,0,0,0,72,33,9,96,52,53,11,0,0,0.8
199,exclusive,7,399,0,0,0,-92,-46,-86,0,0,0,-94,-53,-45,-85,0,-69,0,0,-3,0,-53,0,0,-34,-63,1
200,exclusive,8,-2,0,-94,0,0,0,-92,0,0,0,0,0,0,0,-100,-78,-84,0,0,-10,0,-54,-11,0,0,0
201,exclusive,8,-29,0,-49,0,-16,0,-100,-27,0,-56,-73,0,0,-38,0,0,0,-97,-12,-59,0,-98,-46,-86,-91,1
202,exclusive,8,-459,35,0,56,54,0,0,0,0,76,51,19,0,0,0,0,0,0,1,91,47,0,21,30,0,0.5
203,exclusive,9,743,0,-5,0,0,-1,0,-34,0,-73,-60,-23,0,0,-86,0,-39,-99,0,0,-19,-67,-63,0,-72,0.8
204,exclusive,9,2921,-48,0,0,-70,-24,-96,-39,-35,0,-60,-63,-56,0,0,0,0,-13,0,0,0,-40,-75,0,-53,0.8
205,exclusive,9,646,83,15,89,28,35,96,0,0,0,95,40,0,83,0,49,0,0,82,41,0,23,0,78,20,1
206,exclusive,10,1699,6,0,0,23,30,0,0,4,67,25,55,0,61,58,0,84,0,0,43,96,0,0,74,0,1
207,exclusive,10,1517,-55,0,0,-3,-6,0,-47,0,0,-99,0,-26,-8,-25,0,-34,0,0,0,-46,0,-16,-58,-16,1
208,exclusive,11,3765,-2,0,-57,-47,0,0,-26,0,-91,0,-73,0,0,0,0,-6,-61,-11,-7,0,-24,-18,-94,0,0.8
209,exclusive,11,345,0,0,-85,0,-84,-28,0,-19,-58,0,0,0,-25,0,-55,0,-70,-89,0,0,-61,0,0,0,0
210,exclusive,12,568,66,0,0,0,0,85,0,0,94,0,97,0,0,46,18,50,0,91,37,7,80,11,0,97,0.8
211,exclusive,12,1439,0,-63,0,0,-35,0,-81,-73,0,-52,-34,-91,-10,0,-18,-12,-7,-79,-43,0,0,-51,-75,0,1
212,exclusive,12,3001,58,90,0,0,58,11,17,0,0,0,0,0,28,33,0,0,56,0,3,29,91,64,76,67,1
213,exclusive,12,190,-4,-98,0,-57,0,-15,-99,-25,0,-30,0,-65,0,-19,-38,0,0,-67,-25,-89,-66,0,-48,-94,0
214,exclusive,13,1731,0,0,0,18,0,26,79,0,85,0,59,13,0,44,25,57,0,37,0,80,22,0,67,0,0.8
215,exclusive,13,20,0,0,0,-6,0,0,0,0,0,0,0,-62,-86,0,-20,0,0,0,0,0,0,0,0,-22,1
216,exclusive,13,-105,52,82,0,0,0,0,69,0,31,90,0,0,0,0,7,0,0,73,0,44,57,0,0,0,0.5
217,exclusive,13,-336,-70,-36,-43,0,-41,-95,0,-37,0,-35,-29,0,-3,0,-98,0,0,-92,0,0,0,-39,0,-54,0.5
218,exclusive,14,3535,0,-12,0,-55,-73,-10,-44,0,0,0,-74,0,-63,-20,0,-17,0,-46,-6,0,0,-96,-39,-17,0.8
219,exclusive,14,-101,10,0,77,0,0,0,4,10,0,74,36,0,49,0,0,74,0,0,42,0,3,0,0,59,0.5
220,exclusive,14,216,34,0,69,39,20,0,91,77,11,0,0,0,33,90,0,0,41,30,85,58,21,72,0,0,0.5
221,exclusive,15,3484,0,0,0,0,0,0,-91,0,-43,0,-33,-33,0,-50,-76,-30,-53,0,0,0,-52,0,-38,0,1
222,exclusive,15,2952,0,0,-82,0,0,0,0,-70,-87,-82,0,-64,-26,0,0,0,0,0,0,0,-96,0,-27,0,0
223,exclusive,16,-362,0,0,0,0,-66,-23,-11,-75,0,0,-85,0,0,-52,0,-9,0,0,-62,0,0,0,-50,-17,0.8
224,exclusive,16,734,88,73,0,0,97,0,0,73,0,55,37,52,0,0,55,84,2,14,0,0,94,0,0,83,1
225,exclusive,16,1811,-72,-6,0,0,0,0,0,0,0,-38,-48,-65,-81,0,0,0,0,0,-28,0,0,-89,-56,-37,1
226,exclusive,17,1847,0,1,23,0,0,78,0,0,0,11,0,6,0,96,69,7,18,17,18,9,0,0,8,0,0
227,exclusive,17,571,0,0,-5,0,0,-95,-20,0,0,0,0,-34,0,0,-19,0,0,-72,-8,-25,0,0,0,-43,0.5
228,exclusive,17,-177,50,0,1,0,3,62,0,0,19,88,0,0,0,52,0,68,0,0,0,92,0,96,0,53,0.8
229,exclusive,17,2368,-68,0,0,-19,0,0,-55,0,0,-43,0,-67,-67,-41,0,-71,0,0,-27,0,-65,-34,0,-99,0
230,exclusive,18,3106,0,0,88,58,0,0,51,87,0,0,0,0,0,0,93,82,30,100,0,0,0,0,39,0,0.8
231,exclusive,18,2207,-10,0,-20,-11,0,-35,-17,-20,-33,-98,0,-30,0,-69,-40,-52,0,0,-81,-81,0,0,-53,-11,0.8
232,exclusive,18,185,48,0,0,61,85,0,35,6,84,0,0,0,46,0,4,0,74,11,0,6,65,0,62,56,1
233,exclusive,18,95,-48,0,-9,-92,-49,-7,0,-8,-76,-92,-25,-60,0,-61,0,0,0,0,-70,-97,0,0,0,0,0
234,exclusive,19,3850,0,0,0,-16,0,0,0,0,0,0,0,0,-50,0,0,0,0,0,-97,-99,0,0,-75,0,0
235,exclusive,19,-410,-69,-69,-45,-87,0,-8,-97,-2,0,-75,0,-31,0,-26,-19,-97,0,0,-56,0,-93,-33,-98,0,0.8
236,exclusive,20,2728,-37,0,0,0,0,-33,-59,-45,0,-21,0,0,-41,0,0,-66,0,0,-45,0,-3,-45,-60,-19,0.8
237,exclusive,20,869,11,0,65,0,0,76,32,0,45,38,44,0,97,0,0,49,71,93,0,13,1,58,0,0,1
238,normal,,1637,0,0,8,0,0,0,0,91,28,61,0,63,100,51,0,81,0,0,0,0,0,62,33,54,1
239,linked,238,2725,-6,0,0,0,-86,-44,-25,0,0,0,0,-18,-66,-57,-53,-34,0,0,-89,-7,-39,-55,-76,0,0.5
240,normal,,3061,0,-62,0,-58,-90,-37,0,-34,-71,-45,0,0,0,0,-82,-25,0,0,0,-78,0,-25,0,-56,1
241,linked,240,2057,-38,0,-58,-79,-96,0,0,0,-68,0,-30,0,0,0,0,-8,-86,-6,-16,0,0,0,0,0,1
242,normal,,1226,84,0,0,0,89,0,0,0,0,0,1,100,0,31,0,0,82,85,49,79,26,0,0,0,0.8
243,linked,242,3167,-46,0,-62,0,0,-98,0,0,0,-8,-86,0,0,0,0,-45,0,-89,0,-38,-76,-39,0,-27,0.8
244,linked,242,-289,-56,-100,0,-40,-93,0,-29,0,-15,0,-62,0,0,-83,-99,-100,-94,-16,-22,-83,-89,0,-15,0,0.8
245,normal,,448,0,0,-42,-64,-90,0,0,0,-84,0,-75,0,0,-86,0,-1,0,0,-7,-24,0,-94,0,-1,0.5
246,linked,245,2237,79,77,13,90,56,0,41,77,0,44,0,0,0,0,5,15,0,39,0,0,0,48,67,67,0.8
247,normal,,642,-13,-40,-24,0,0,0,-71,0,-77,0,0,-49,0,-3,-74,-8,0,-3,0,0,-88,-28,-81,-45,0.5
248,linked,247,2111,0,0,-9,-21,-61,-37,-94,-70,-89,-3,-31,-88,0,-37,0,0,0,0,-89,0,0,0,-18,0,1
249,normal,,-282,38,0,53,0,0,0,55,0,0,0,0,91,3,0,0,0,20,0,93,0,0,85,0,0,0.8
250,linked,249,1568,-21,0,-21,0,0,-57,-96,0,-67,-82,0,-10,0,0,0,0,-44,0,-12,-27,0,0,0,-25,0.5
251,normal,,1669,0,97,0,0,0,73,0,26,16,23,12,99,57,97,0,0,0,0,0,0,70,28,35,0,0.5
252,linked,251,3689,-78,0,0,0,0,-51,0,-64,0,0,-23,-35,0,0,-20,0,0,0,0,-68,-95,-12,0,-19,0.5
253,linked,252,602,76,18,0,83,24,22,0,94,0,0,11,0,25,22,82,95,36,0,0,0,1,0,0,0,1
254,normal,,1209,-12,-70,0,0,-99,-69,0,0,-31,-52,-40,-83,0,0,-53,-62,0,-16,-11,0,-4,-77,0,-68,1
255,linked,254,-435,-49,-20,0,-73,-89,0,0,0,0,0,0,-55,-36,-57,-52,-43,-92,-97,-16,-7,-58,-36,-64,-73,0.5
256,normal,,3679,0,0,0,0,0,-7,0,-19,-91,-13,-93,0,-86,0,-61,0,0,-6,0,0,0,0,-99,0,0.8
257,linked,256,2913,-53,-20,0,0,0,-96,-97,-95,0,0,-35,-29,-62,-79,0,-84,0,0,0,-11,-71,-65,0,-8,1
258,linked,256,911,23,0,30,18,0,53,0,0,19,93,26,85,0,0,37,25,0,15,0,0,0,96,0,0,0.8
259,normal,,757,0,0,-11,-35,-67,-88,0,-21,0,-50,0,-65,0,-74,0,0,-30,0,-15,0,0,-38,-71,0,0.8
260,linked,259,2150,63,92,50,45,37,5,41,2,0,0,95,67,0,0,40,0,46,38,94,38,0,94,66,0,1
261,linked,259,1685,-29,0,-89,-89,-96,0,-9,-47,-67,0,-78,-66,0,0,-65,0,-99,-88,0,-67,0,-91,0,0,0.8
262,normal,,2929,59,0,84,65,0,96,0,29,29,79,50,0,0,0,26,0,32,0,0,28,0,63,0,26,0.5
263,linked,262,-172,47,0,0,94,0,0,0,25,26,0,63,24,0,34,0,0,0,0,5,34,10,0,0,0,0.8
264,normal,,-432,0,81,85,0,0,0,43,16,26,0,0,91,0,0,0,77,0,9,0,0,0,17,53,0,0.8
265,linked,264,242,-5,-75,0,0,0,-97,-88,-13,-61,0,0,0,-15,0,0,-13,0,-23,-7,0,0,0,-27,-21,0.8
266,normal,,1023,-32,0,0,-84,0,-69,0,-100,-69,0,0,0,-44,0,-99,0,0,0,-52,-2,-32,-55,0,-86,0.5
267,linked,266,3026,0,0,41,78,0,0,0,0,0,2,48,0,66,19,0,0,0,0,40,33,43,59,31,63,1
268,normal,,1727,-35,-91,0,-48,0,0,0,-76,-27,-82,-71,-31,-47,-87,-3,0,0,0,-6,0,0,-2,0,-71,0.5
269,linked,268,1702,47,31,64,60,0,0,0,10,66,72,86,50,0,0,2,0,87,0,34,29,19,13,12,0,1
270,normal,,2734,-4,0,-48,0,0,-59,0,-62,0,0,-15,0,0,-74,-68,0,-57,0,0,-21,0,-59,0,0,0.5
271,linked,270,3399,-81,-80,-18,0,0,0,-34,0,-12,0,-82,0,0,-47,-83,0,-56,0,0,-38,0,-53,0,-45,1
272,normal,,209,0,0,0,0,-31,-64,-24,0,-3,0,-5,0,-18,0,-99,-92,-22,0,0,-83,0,0,-40,-96,0.8
273,linked,272,1911,-87,-14,0,0,0,0,-67,0,-76,0,0,0,0,0,-84,-84,0,0,-38,0,-94,-41,-48,0,0.8
274,normal,,2480,-77,0,0,0,-12,0,0,-99,0,0,0,0,0,-74,0,0,-35,0,0,0,0,0,-52,0,1
275,linked,274,3812,63,0,80,0,75,0,89,83,0,11,0,6,0,19,0,0,47,98,0,0,0,0,65,0,1
276,linked,274,3763,-8,0,-58,-78,0,-68,0,0,-90,0,0,0,0,0,0,-61,-51,-9,0,0,-82,-42,-41,-60,0.5
277,normal,,647,94,37,9,89,0,0,53,71,7,0,0,0,0,55,98,56,99,0,77,0,0,61,80,0,0.5
278,linked,277,3338,0,-84,0,0,-95,0,0,-79,-53,-40,-74,-15,0,0,-83,-4,0,0,0,0,-88,-58,0,-23,0.8
279,normal,,3799,-52,-95,0,-94,0,0,0,-6,-20,0,0,0,0,-88,-72,0,0,-70,0,0,-57,0,0,0,1
280,linked,279,1904,0,0,-25,0,-42,-46,-77,-71,0,-12,-35,0,0,0,0,-57,0,0,-90,-76,0,-92,-47,-20,0.8
281,normal,,2580,0,0,0,0,-74,0,0,-83,-97,-23,-70,-6,-33,-89,0,0,0,-72,0,-18,0,0,-38,0,1
282,linked,281,3890,-85,0,-33,-78,-64,0,0,-48,-53,-89,-40,-94,0,-28,-16,-9,0,0,0,-10,-20,-99,0,-42,0.5
283,linked,282,-123,0,0,91,94,0,0,9,0,100,68,0,30,0,0,0,0,96,0,0,95,80,30,0,0,1
284,normal,,980,-60,0,-49,0,0,0,0,-56,0,0,-26,-94,-15,0,-69,0,0,0,-21,-58,-50,0,-18,0,1
285,linked,284,-187,0,0,0,60,93,53,17,0,0,37,15,14,0,69,18,0,0,0,0,87,29,0,0,77,1
286,normal,,3078,-43,-50,-77,0,0,0,-76,0,-3,0,0,0,0,0,0,0,-51,0,-9,-7,-52,0,-62,-65,1
287,linked,286,3672,81,41,50,0,0,0,82,83,0,10,1,0,10,56,25,11,0,31,0,0,47,0,0,69,0.5
288,linked,287,3968,0,0,-68,0,-14,0,-10,0,0,-40,0,-41,0,0,-36,-21,-81,0,0,-5,-68,0,-31,-81,1
289,normal,,2273,-87,-95,-38,0,-14,-29,-64,0,0,0,-16,0,-40,0,0,-65,-16,-6,0,-84,0,0,-36,-11,0.5
290,linked,289,3237,0,60,81,0,53,0,66,96,90,18,0,0,0,45,49,66,0,52,1,0,0,45,0,50,1
291,normal,,2447,-34,-72,0,0,0,-25,-40,-65,0,0,0,0,0,-91,-89,-6,-74,0,0,0,0,-25,-19,-36,0.8
292,linked,291,3186,82,52,0,0,0,0,0,13,0,30,0,0,0,0,0,0,0,65,0,0,0,0,0,0,1
293,linked,292,3528,0,0,41,0,0,0,0,0,0,0,0,0,0,0,14,19,0,0,87,5,0,0,14,0,0.5
294,normal,,-77,6,41,45,78,17,20,10,78,0,0,5,78,0,70,21,12,7,0,0,71,0,0,0,0,0.8
295,linked,294,1157,0,-72,-24,-70,0,0,-20,0,0,-35,0,0,0,-42,-30,0,-37,-13,-52,0,-15,0,0,0,0.5
296,normal,,-358,0,0,0,0,-74,0,-16,-38,-11,-46,0,-73,-52,0,-33,0,0,0,0,-38,0,-84,-57,-48,1
297,linked,296,-187,0,-69,-54,-2,0,-7,0,0,-99,0,-18,-12,0,-32,-79,-71,-33,0,0,-76,0,0,-53,0,1
298,linked,296,325,0,0,0,55,6,0,0,2,3,0,67,0,0,100,61,61,0,78,78,31,0,0,0,98,0.8
299,normal,,1158,0,0,46,0,80,0,0,0,75,15,49,0,67,86,0,0,0,30,8,85,0,13,58,55,0.5
300,linked,299,-143,-43,-29,0,0,-23,0,0,0,0,0,0,-96,-66,-68,-37,-42,-99,-31,-39,0,-71,0,-52,0,0.5
301,normal,,196,23,100,0,0,0,0,83,0,0,31,0,0,22,0,0,97,71,69,77,0,0,36,60,54,0.8
302,linked,301,3968,-88,-64,0,-77,0,0,-82,0,-69,0,0,0,0,-61,-50,-41,-88,0,-7,-45,-23,0,-48,-53,0.8
303,linked,302,1598,0,0,0,-58,-100,0,-84,0,-22,0,0,0,-98,0,0,-63,0,-1,0,-80,-50,-11,0,0,0.8
304,normal,,164,0,-97,-27,-3,-90,-72,-19,0,0,0,-27,-45,-51,0,-13,-95,-69,0,-60,0,0,-91,0,0,0.8
305,linked,304,1871,-73,0,-9,-28,0,-72,0,-98,-83,-89,-65,-9,-22,0,0,-64,-48,-93,0,0,0,0,0,0,0.5
306,linked,304,3123,0,0,0,53,0,1,0,36,0,10,87,0,15,75,0,45,71,37,0,0,0,6,82,0,0.8
307,normal,,241,0,67,20,66,0,80,60,0,0,50,0,0,0,18,87,63,20,0,82,0,0,0,0,0,0.8
308,linked,307,888,12,0,0,71,96,86,1,0,0,3,0,71,23,77,49,42,0,0,0,0,0,0,24,0,0.5
309,linked,307,712,0,84,22,0,17,6,0,68,97,22,0,27,0,0,0,0,0,0,70,0,0,0,95,0,0.8
310,normal,,384,0,-1,-68,0,0,-61,0,-81,0,-64,-52,0,0,-64,0,-35,-3,-63,0,0,0,-58,-88,0,0.5
311,linked,310,1594,0,43,0,0,100,0,87,0,46,0,0,26,50,0,38,0,0,98,50,31,57,0,0,42,1
312,normal,,-168,0,33,0,16,53,0,0,0,0,75,0,42,0,11,64,0,0,12,76,46,0,6,0,0,0.8
313,linked,312,3050,52,0,0,34,17,0,93,0,25,0,0,57,0,0,0,72,0,3,0,76,19,0,10,7,0.8
314,normal,,1786,0,-9,-15,0,0,0,-50,-29,0,0,-17,-5,-48,0,0,-37,0,0,0,-36,-85,0,-16,-58,1
315,linked,314,1735,0,-21,0,-56,-3,0,-6,-22,0,0,0,-19,0,-4,0,0,0,-80,-34,-42,-20,-36,-61,0,0.8
316,normal,,2220,0,-9,0,-10,-88,0,0,0,0,-28,0,0,0,0,-28,0,-85,0,0,-30,0,0,0,-4,1
317,linked,316,1831,-15,-45,-28,0,-10,0,-85,-31,0,-77,-14,-68,-62,-69,-88,0,-11,0,0,-91,0,-37,-93,-52,0.8
318,normal,,1730,25,77,47,0,71,11,93,0,0,30,34,43,0,9,0,0,29,0,89,0,0,0,64,51,0.5
319,linked,318,2067,-85,0,0,-50,-62,0,0,-99,0,-14,-51,0,-2,0,-75,0,-59,-39,0,0,0,-94,-25,-74,0.8
320,normal,,1585,72,0,0,0,79,0,0,24,0,0,2,0,19,0,0,0,0,70,34,99,73,81,0,0,1
321,linked,320,2901,-45,0,0,-90,0,0,-82,0,-75,-39,0,0,-17,0,0,0,0,0,-44,0,0,-62,0,0,0.8
322,linked,320,3145,66,18,0,0,0,57,66,35,56,0,0,0,67,0,84,0,33,26,6,0,0,0,35,0,0.8
323,normal,,2047,60,0,57,62,57,74,8,95,0,0,55,23,9,79,33,0,60,30,4,0,0,0,0,71,0.5
324,linked,323,2222,40,68,0,79,0,0,30,23,32,0,22,60,0,0,0,0,0,0,15,74,0,35,28,0,1
325,normal,,-242,0,0,0,59,0,40,51,76,43,0,0,0,0,53,74,0,49,55,91,22,0,0,0,0,0.8
326,linked,325,920,47,17,20,9,81,76,24,0,16,91,55,94,3,78,0,0,0,0,20,0,37,0,82,17,0.5
327,linked,325,3580,-39,0,0,0,-15,0,-53,-94,0,-95,0,0,0,-51,0,0,-60,0,0,0,0,0,-29,0,1
328,normal,,1081,60,20,0,14,0,87,0,31,0,63,38,48,0,0,29,0,0,0,0,0,65,24,94,15,0.8
329,linked,328,2222,-17,-52,0,-67,0,-100,0,-60,0,0,0,0,0,-23,-62,0,-52,0,0,-38,-89,-67,-90,-84,0.5
330,normal,,-115,39,47,0,0,0,55,0,95,37,23,96,88,86,97,23,13,0,0,0,0,0,0,0,63,0.5
331,linked,330,2514,0,0,0,0,0,-12,0,-98,0,-89,-24,0,0,-55,0,0,0,-93,0,-10,-18,-19,0,0,0.8
332,flexible,,2072,73,73,73,73,73,73,73,73,73,73,73,73,73,73,73,73,73,73,73,73,73,73,73,73,1
333,flexible,,3308,-40,-40,-40,-40,-40,-40,-40,-40,-40,-40,-40,-40,-40,-40,-40,-40,-40,-40,-40,-40,-40,-40,-40,-40,1
334,flexible,,2752,-14,-14,-14,-14,-14,-14,-14,-14,-14,-14,-14,-14,-14,-14,-14,-14,-14,-14,-14,-14,-14,-14,-14,-14,1
335,flexible,,-356,32,32,32,32,32,32,32,32,32,32,32,32,32,32,32,32,32,32,32,32,32,32,32,32,1
336,flexible,,2777,-95,-95,-95,-95,-95,-95,-95,-95,-95,-95,-95,-95,-95,-95,-95,-95,-95,-95,-95,-95,-95,-95,-95,-95,1
337,flexible,,2253,39,39,39,39,39,39,39,39,39,39,39,39,39,39,39,39,39,39,39,39,39,39,39,39,1
338,flexible,,2844,-53,-53,-53,-53,-53,-53,-53,-53,-53,-53,-53,-53,-53,-53,-53,-53,-53,-53,-53,-53,-53,-53,-53,-53,1
339,flexible,,237,-46,-46,-46,-46,-46,-46,-46,-46,-46,-46,-46,-46,-46,-46,-46,-46,-46,-46,-46,-46,-46,-46,-46,-46,1
340,flexible,,2449,-42,-42,-42,-42,-42,-42,-42,-42,-42,-42,-42,-42,-42,-42,-42,-42,-42,-42,-42,-42,-42,-42,-42,-42,1
341,flexible,,1358,-92,-92,-92,-92,-92,-92,-92,-92,-92,-92,-92,-92,-92,-92,-92,-92,-92,-92,-92,-92,-92,-92,-92,-92,1
342,flexible,,3314,-93,-93,-93,-93,-93,-93,-93,-93,-93,-93,-93,-93,-93,-93,-93,-93,-93,-93,-93,-93,-93,-93,-93,-93,1
343,flexible,,2982,26,26,26,26,26,26,26,26,26,26,26,26,26,26,26,26,26,26,26,26,26,26,26,26,1
344,flexible,,3436,32,32,32,32,32,32,32,32,32,32,32,32,32,32,32,32,32,32,32,32,32,32,32,32,1
345,flexible,,-373,-43,-43,-43,-43,-43,-43,-43,-43,-43,-43,-43,-43,-43,-43,-43,-43,-43,-43,-43,-43,-43,-43,-43,-43,1
346,flexible,,-271,-53,-53,-53,-53,-53,-53,-53,-53,-53,-53,-53,-53,-53,-53,-53,-53,-53,-53,-53,-53,-53,-53,-53,-53,1
347,flexible,,391,80,80,80,80,80,80,80,80,80,80,80,80,80,80,80,80,80,80,80,80,80,80,80,80,1
348,flexible,,3643,66,66,66,66,66,66,66,66,66,66,66,66,66,66,66,66,66,66,66,66,66,66,66,66,1
349,flexible,,3648,-69,-69,-69,-69,-69,-69,-69,-69,-69,-69,-69,-69,-69,-69,-69,-69,-69,-69,-69,-69,-69,-69,-69,-69,1
350,flexible,,2172,67,67,67,67,67,67,67,67,67,67,67,67,67,67,67,67,67,67,67,67,67,67,67,67,1
351,flexible,,1374,-10,-10,-10,-10,-10,-10,-10,-10,-10,-10,-10,-10,-10,-10,-10,-10,-10,-10,-10,-10,-10,-10,-10,-10,1