1,3,'1',0.00635,0.02695,0.00279384,158.2,158.2,158.2,0.0,0.0,0.0,0.0,1,1,5.01,1,1.0,0,1.0,0,1.0,0,1.0
2,1,'1',0.01312,0.05468,0.0033746,140.2,140.2,140.2,0.0,0.0,0.0,0.0,1,1,7.97,1,1.0,0,1.0,0,1.0,0,1.0
3,2,'1',0.00728,0.0389,0.00738379,129.7,129.7,129.7,0.0,0.0,0.0,0.0,1,1,10.89,1,1.0,0,1.0,0,1.0,0,1.0
3,35,'1',0.01367,0.06535,0.0141864,185.9,185.9,185.9,0.0,0.0,0.0,0.0,1,1,16.71,1,1.0,0,1.0,0,1.0,0,1.0
4,5,'1',0.0002,0.00108,0.0,345.0,345.0,345.0,0.0,0.0,0.0,0.0,1,1,0.0,1,1.0,0,1.0,0,1.0,0,1.0
4,11,'1',0.01617,0.07615,0.0101452,157.3,157.3,157.3,0.0,0.0,0.0,0.0,1,1,14.52,1,1.0,0,1.0,0,1.0,0,1.0
4,14,'1',0.01126,0.07288,0.0162706,169.8,169.8,169.8,0.0,0.0,0.0,0.0,1,1,19.02,1,1.0,0,1.0,0,1.0,0,1.0
6,7,'1',0.00995,0.03066,0.0020398,154.9,154.9,154.9,0.0,0.0,0.0,0.0,1,1,5.22,1,1.0,0,1.0,0,1.0,0,1.0
6,23,'1',0.01595,0.06409,0.0067424,147.6,147.6,147.6,0.0,0.0,0.0,0.0,1,1,11.2,1,1.0,0,1.0,0,1.0,0,1.0
7,9,'1',0.01027,0.05768,0.00205452,168.0,168.0,168.0,0.0,0.0,0.0,0.0,1,1,8.2,1,1.0,0,1.0,0,1.0,0,1.0
8,571,'1',0.00384,0.03054,0.20291,549.3,549.3,549.3,0.0,0.0,0.0,0.0,1,1,40.94,1,1.0,0,1.0,0,1.0,0,1.0
10,1,'1',0.01276,0.0733,0.00959942,163.6,163.6,163.6,0.0,0.0,0.0,0.0,1,1,15.25,1,1.0,0,1.0,0,1.0,0,1.0
10,11,'1',0.01727,0.06921,0.00585598,175.5,175.5,175.5,0.0,0.0,0.0,0.0,1,1,14.27,1,1.0,0,1.0,0,1.0,0,1.0
11,14,'1',0.00558,0.02717,0.00208623,178.6,178.6,178.6,0.0,0.0,0.0,0.0,1,1,4.92,1,1.0,0,1.0,0,1.0,0,1.0
12,570,'1',0.00264,0.02133,0.119052,664.2,664.2,664.2,0.0,0.0,0.0,0.0,1,1,28.06,1,1.0,0,1.0,0,1.0,0,1.0
13,8,'1',0.00336,0.03163,0.03708,488.3,488.3,488.3,0.0,0.0,0.0,0.0,1,1,19.41,1,1.0,0,1.0,0,1.0,0,1.0
13,12,'1',0.0001,0.001,0.0,890.3,890.3,890.3,0.0,0.0,0.0,0.0,1,1,0.0,1,1.0,0,1.0,0,1.0,0,1.0
13,20,'1',0.00665,0.05004,0.16528,627.8,627.8,627.8,0.0,0.0,0.0,0.0,1,1,51.78,1,1.0,0,1.0,0,1.0,0,1.0
16,15,'1',0.02141,0.09305,0.00531401,145.8,145.8,145.8,0.0,0.0,0.0,0.0,1,1,12.33,1,1.0,0,1.0,0,1.0,0,1.0
17,18,'1',0.00027,0.00115,0.0,138.0,138.0,138.0,0.0,0.0,0.0,0.0,1,1,0.0,1,1.0,0,1.0,0,1.0,0,1.0
18,29,'1',0.01542,0.06443,0.017442,161.7,161.7,161.7,0.0,0.0,0.0,0.0,1,1,18.88,1,1.0,0,1.0,0,1.0,0,1.0
18,30,'1',0.02132,0.0706,0.00591085,146.3,146.3,146.3,0.0,0.0,0.0,0.0,1,1,13.81,1,1.0,0,1.0,0,1.0,0,1.0
19,22,'1',0.00025,0.00113,0.0,1500.0,1500.0,1500.0,0.0,0.0,0.0,0.0,1,1,0.0,1,1.0,0,1.0,0,1.0,0,1.0
20,19,'1',0.0001,0.001,0.0,749.6,749.6,749.6,0.0,0.0,0.0,0.0,1,1,0.0,1,1.0,0,1.0,0,1.0,0,1.0
20,201,'1',0.00743,0.05266,0.19472,650.8,650.8,650.8,0.0,0.0,0.0,0.0,1,1,54.1,1,1.0,0,1.0,0,1.0,0,1.0
22,473,'1',0.00408,0.03423,0.295266,646.8,646.8,646.8,0.0,0.0,0.0,0.0,1,1,57.18,1,1.0,0,1.0,0,1.0,0,1.0
23,26,'1',0.01431,0.06351,0.00505982,149.5,149.5,149.5,0.0,0.0,0.0,0.0,1,1,11.71,1,1.0,0,1.0,0,1.0,0,1.0
24,33,'1',0.01503,0.05067,0.0176974,162.9,162.9,162.9,0.0,0.0,0.0,0.0,1,1,16.15,1,1.0,0,1.0,0,1.0,0,1.0
24,34,'1',0.01416,0.05672,0.0187866,150.3,150.3,150.3,0.0,0.0,0.0,0.0,1,1,18.34,1,1.0,0,1.0,0,1.0,0,1.0
25,34,'1',0.01511,0.06952,0.0059337,154.3,154.3,154.3,0.0,0.0,0.0,0.0,1,1,12.67,1,1.0,0,1.0,0,1.0,0,1.0
25,547,'1',0.01161,0.05619,0.00532939,162.8,162.8,162.8,0.0,0.0,0.0,0.0,1,1,10.71,1,1.0,0,1.0,0,1.0,0,1.0
26,18,'1',0.02307,0.14347,0.00887279,155.3,155.3,155.3,0.0,0.0,0.0,0.0,1,1,19.24,1,1.0,0,1.0,0,1.0,0,1.0
27,15,'1',0.02463,0.09023,0.0126204,185.4,185.4,185.4,0.0,0.0,0.0,0.0,1,1,18.08,1,1.0,0,1.0,0,1.0,0,1.0
27,475,'1',0.01914,0.06432,0.00359889,188.0,188.0,188.0,0.0,0.0,0.0,0.0,1,1,9.45,1,1.0,0,1.0,0,1.0,0,1.0
28,29,'1',0.00025,0.00103,0.0,345.0,345.0,345.0,0.0,0.0,0.0,0.0,1,1,0.0,1,1.0,0,1.0,0,1.0,0,1.0
29,21,'1',0.01451,0.06831,0.00810963,167.8,167.8,167.8,0.0,0.0,0.0,0.0,1,1,12.81,1,1.0,0,1.0,0,1.0,0,1.0
30,31,'1',0.01235,0.05631,0.00785118,142.1,142.1,142.1,0.0,0.0,0.0,0.0,1,1,11.25,1,1.0,0,1.0,0,1.0,0,1.0
31,204,'1',0.01844,0.10602,0.0171339,141.2,141.2,141.2,0.0,0.0,0.0,0.0,1,1,22.85,1,1.0,0,1.0,0,1.0,0,1.0
32,15,'1',0.00947,0.04816,0.0038988,208.5,208.5,208.5,0.0,0.0,0.0,0.0,1,1,9.75,1,1.0,0,1.0,0,1.0,0,1.0
34,468,'1',0.03008,0.13024,0.0163429,162.0,162.0,162.0,0.0,0.0,0.0,0.0,1,1,25.29,1,1.0,0,1.0,0,1.0,0,1.0
36,32,'1',0.01342,0.0576,0.0224892,199.7,199.7,199.7,0.0,0.0,0.0,0.0,1,1,19.76,1,1.0,0,1.0,0,1.0,0,1.0
36,35,'1',0.0132,0.05853,0.00785898,191.3,191.3,191.3,0.0,0.0,0.0,0.0,1,1,11.54,1,1.0,0,1.0,0,1.0,0,1.0
37,122,'1',0.00406,0.04095,0.1376,538.7,538.7,538.7,0.0,0.0,0.0,0.0,1,1,41.51,1,1.0,0,1.0,0,1.0,0,1.0
39,140,'1',0.01632,0.07937,0.00820848,138.4,138.4,138.4,0.0,0.0,0.0,0.0,1,1,13.88,1,1.0,0,1.0,0,1.0,0,1.0
40,41,'1',0.00029,0.00113,0.0,345.0,345.0,345.0,0.0,0.0,0.0,0.0,1,1,0.0,1,1.0,0,1.0,0,1.0,0,1.0
40,43,'1',0.00759,0.03916,0.00863327,160.5,160.5,160.5,0.0,0.0,0.0,0.0,1,1,10.3,1,1.0,0,1.0,0,1.0,0,1.0
42,43,'1',0.00026,0.00103,0.0,138.0,138.0,138.0,0.0,0.0,0.0,0.0,1,1,0.0,1,1.0,0,1.0,0,1.0,0,1.0
45,40,'1',0.01551,0.05932,0.0124991,166.9,166.9,166.9,0.0,0.0,0.0,0.0,1,1,14.58,1,1.0,0,1.0,0,1.0,0,1.0
46,38,'1',0.03387,0.15112,0.0206609,153.0,153.0,153.0,0.0,0.0,0.0,0.0,1,1,29.13,1,1.0,0,1.0,0,1.0,0,1.0
46,48,'1',0.00601,0.02566,0.0163277,146.0,146.0,146.0,0.0,0.0,0.0,0.0,1,1,13.21,1,1.0,0,1.0,0,1.0,0,1.0
47,37,'1',0.00723,0.05839,0.0884,485.1,485.1,485.1,0.0,0.0,0.0,0.0,1,1,39.97,1,1.0,0,1.0,0,1.0,0,1.0
48,45,'1',0.01959,0.08775,0.0137816,172.8,172.8,172.8,0.0,0.0,0.0,0.0,1,1,19.08,1,1.0,0,1.0,0,1.0,0,1.0
48,49,'1',0.02146,0.11918,0.016182,141.0,141.0,141.0,0.0,0.0,0.0,0.0,1,1,24.75,1,1.0,0,1.0,0,1.0,0,1.0
49,50,'1',0.00027,0.00119,0.0,138.0,138.0,138.0,0.0,0.0,0.0,0.0,1,1,0.0,1,1.0,0,1.0,0,1.0,0,1.0
51,44,'1',0.02267,0.10894,0.0131627,131.1,131.1,131.1,0.0,0.0,0.0,0.0,1,1,19.98,1,1.0,0,1.0,0,1.0,0,1.0
51,170,'1',0.02426,0.0917,0.00882048,130.2,130.2,130.2,0.0,0.0,0.0,0.0,1,1,14.58,1,1.0,0,1.0,0,1.0,0,1.0
52,53,'1',0.00029,0.00109,0.0,345.0,345.0,345.0,0.0,0.0,0.0,0.0,1,1,0.0,1,1.0,0,1.0,0,1.0,0,1.0
52,55,'1',0.00629,0.02698,0.0042021,131.9,131.9,131.9,0.0,0.0,0.0,0.0,1,1,7.28,1,1.0,0,1.0,0,1.0,0,1.0
52,110,'1',0.00679,0.03422,0.0132367,159.2,159.2,159.2,0.0,0.0,0.0,0.0,1,1,11.84,1,1.0,0,1.0,0,1.0,0,1.0
54,55,'1',0.0098,0.0467,0.00331991,142.9,142.9,142.9,0.0,0.0,0.0,0.0,1,1,9.0,1,1.0,0,1.0,0,1.0,0,1.0
55,56,'1',0.00028,0.00117,0.0,138.0,138.0,138.0,0.0,0.0,0.0,0.0,1,1,0.0,1,1.0,0,1.0,0,1.0,0,1.0
57,61,'1',0.00511,0.02077,0.00131722,132.8,132.8,132.8,0.0,0.0,0.0,0.0,1,1,3.51,1,1.0,0,1.0,0,1.0,0,1.0
58,57,'1',0.00356,0.0171,0.00130718,130.9,130.9,130.9,0.0,0.0,0.0,0.0,1,1,3.36,1,1.0,0,1.0,0,1.0,0,1.0
58,61,'1',0.00679,0.02648,0.00277935,135.6,135.6,135.6,0.0,0.0,0.0,0.0,1,1,5.64,1,1.0,0,1.0,0,1.0,0,1.0
59,60,'1',0.00025,0.00112,0.0,138.0,138.0,138.0,0.0,0.0,0.0,0.0,1,1,0.0,1,1.0,0,1.0,0,1.0,0,1.0
59,85,'1',0.00798,0.0323,0.00500886,159.9,159.9,159.9,0.0,0.0,0.0,0.0,1,1,7.89,1,1.0,0,1.0,0,1.0,0,1.0
62,64,'1',0.00811,0.03542,0.00461657,183.2,183.2,183.2,0.0,0.0,0.0,0.0,1,1,6.52,1,1.0,0,1.0,0,1.0,0,1.0
62,67,'1',0.00468,0.015,0.00159608,181.4,181.4,181.4,0.0,0.0,0.0,0.0,1,1,3.4,1,1.0,0,1.0,0,1.0,0,1.0
63,65,'1',0.00224,0.01997,0.01849,623.5,623.5,623.5,0.0,0.0,0.0,0.0,1,1,13.15,1,1.0,0,1.0,0,1.0,0,1.0
65,530,'1',0.00224,0.01667,0.012,627.6,627.6,627.6,0.0,0.0,0.0,0.0,1,1,9.52,1,1.0,0,1.0,0,1.0,0,1.0
66,61,'1',0.00458,0.02094,0.00227466,172.6,172.6,172.6,0.0,0.0,0.0,0.0,1,1,3.8,1,1.0,0,1.0,0,1.0,0,1.0
67,66,'1',0.00674,0.02888,0.00147694,187.8,187.8,187.8,0.0,0.0,0.0,0.0,1,1,4.26,1,1.0,0,1.0,0,1.0,0,1.0
68,73,'1',0.04686,0.19537,0.0222273,191.8,191.8,191.8,0.0,0.0,0.0,0.0,1,1,35.21,1,1.0,0,1.0,0,1.0,0,1.0
68,471,'1',0.01262,0.0545,0.0216924,177.0,177.0,177.0,0.0,0.0,0.0,0.0,1,1,19.02,1,1.0,0,1.0,0,1.0,0,1.0
68,472,'1',0.03847,0.19361,0.0183595,155.9,155.9,155.9,0.0,0.0,0.0,0.0,1,1,32.49,1,1.0,0,1.0,0,1.0,0,1.0
70,69,'1',0.01291,0.05157,0.010614,156.2,156.2,156.2,0.0,0.0,0.0,0.0,1,1,12.89,1,1.0,0,1.0,0,1.0,0,1.0
71,84,'1',0.00429,0.03775,0.07263,484.9,484.9,484.9,0.0,0.0,0.0,0.0,1,1,27.38,1,1.0,0,1.0,0,1.0,0,1.0
72,69,'1',0.01072,0.03788,0.00372685,160.4,160.4,160.4,0.0,0.0,0.0,0.0,1,1,7.78,1,1.0,0,1.0,0,1.0,0,1.0
74,110,'1',0.01262,0.05479,0.0361386,197.9,197.9,197.9,0.0,0.0,0.0,0.0,1,1,24.29,1,1.0,0,1.0,0,1.0,0,1.0
74,330,'1',0.00716,0.02949,0.0220023,194.8,194.8,194.8,0.0,0.0,0.0,0.0,1,1,14.41,1,1.0,0,1.0,0,1.0,0,1.0
75,76,'1',0.00662,0.0249,0.00669012,176.3,176.3,176.3,0.0,0.0,0.0,0.0,1,1,9.05,1,1.0,0,1.0,0,1.0,0,1.0
76,102,'1',0.02281,0.09822,0.0116939,156.8,156.8,156.8,0.0,0.0,0.0,0.0,1,1,17.96,1,1.0,0,1.0,0,1.0,0,1.0
77,88,'1',0.00508,0.02199,0.00243196,170.6,170.6,170.6,0.0,0.0,0.0,0.0,1,1,4.71,1,1.0,0,1.0,0,1.0,0,1.0
77,93,'1',0.00705,0.03549,0.00287156,187.8,187.8,187.8,0.0,0.0,0.0,0.0,1,1,6.37,1,1.0,0,1.0,0,1.0,0,1.0
78,100,'1',0.01593,0.05231,0.00282424,179.6,179.6,179.6,0.0,0.0,0.0,0.0,1,1,7.74,1,1.0,0,1.0,0,1.0,0,1.0
79,82,'1',0.00244,0.01243,0.000980115,152.5,152.5,152.5,0.0,0.0,0.0,0.0,1,1,2.52,1,1.0,0,1.0,0,1.0,0,1.0
79,92,'1',0.00237,0.00812,0.00259672,135.2,135.2,135.2,0.0,0.0,0.0,0.0,1,1,2.77,1,1.0,0,1.0,0,1.0,0,1.0
80,81,'1',0.00268,0.01263,0.00257851,140.0,140.0,140.0,0.0,0.0,0.0,0.0,1,1,3.88,1,1.0,0,1.0,0,1.0,0,1.0
80,100,'1',0.00842,0.03095,0.00160187,151.8,151.8,151.8,0.0,0.0,0.0,0.0,1,1,4.49,1,1.0,0,1.0,0,1.0,0,1.0
81,349,'1',0.02419,0.12919,0.0110243,159.9,159.9,159.9,0.0,0.0,0.0,0.0,1,1,19.4,1,1.0,0,1.0,0,1.0,0,1.0
82,88,'1',0.0063,0.02539,0.00135712,179.7,179.7,179.7,0.0,0.0,0.0,0.0,1,1,4.07,1,1.0,0,1.0,0,1.0,0,1.0
83,524,'1',0.00174,0.01353,0.088269,450.0,450.0,450.0,0.0,0.0,0.0,0.0,1,1,20.16,1,1.0,0,1.0,0,1.0,0,1.0
84,63,'1',0.00159,0.01303,0.05518,572.4,572.4,572.4,0.0,0.0,0.0,0.0,1,1,14.14,1,1.0,0,1.0,0,1.0,0,1.0
84,83,'1',0.0001,0.001,0.0,976.9,976.9,976.9,0.0,0.0,0.0,0.0,1,1,0.0,1,1.0,0,1.0,0,1.0,0,1.0
84,98,'1',0.00269,0.02403,0.03053,567.0,567.0,567.0,0.0,0.0,0.0,0.0,1,1,14.77,1,1.0,0,1.0,0,1.0,0,1.0
85,86,'1',0.0,0.001,0.0,138.0,138.0,138.0,0.0,0.0,0.0,0.0,1,1,0.0,1,1.0,0,1.0,0,1.0,0,1.0
86,59,'1',0.00798,0.0323,0.0,159.9,159.9,159.9,0.0,0.0,0.0,0.0,1,1,0.0,1,1.0,0,1.0,0,1.0,0,1.0
87,59,'1',0.01058,0.04542,0.0032538,164.1,164.1,164.1,0.0,0.0,0.0,0.0,1,1,7.53,1,1.0,0,1.0,0,1.0,0,1.0
88,95,'1',0.00271,0.01301,0.0242552,196.1,196.1,196.1,0.0,0.0,0.0,0.0,1,1,11.28,1,1.0,0,1.0,0,1.0,0,1.0
89,78,'1',0.00386,0.02052,0.00268545,175.0,175.0,175.0,0.0,0.0,0.0,0.0,1,1,4.38,1,1.0,0,1.0,0,1.0,0,1.0
89,90,'1',0.00025,0.00117,0.0,345.0,345.0,345.0,0.0,0.0,0.0,0.0,1,1,0.0,1,1.0,0,1.0,0,1.0,0,1.0
89,92,'1',0.00615,0.02921,0.00197214,166.3,166.3,166.3,0.0,0.0,0.0,0.0,1,1,5.2,1,1.0,0,1.0,0,1.0,0,1.0
91,92,'1',0.00028,0.00111,0.0,345.0,345.0,345.0,0.0,0.0,0.0,0.0,1,1,0.0,1,1.0,0,1.0,0,1.0,0,1.0
92,82,'1',0.00641,0.02942,0.00179114,137.8,137.8,137.8,0.0,0.0,0.0,0.0,1,1,4.7,1,1.0,0,1.0,0,1.0,0,1.0
93,62,'1',0.00315,0.01468,0.00484905,204.8,204.8,204.8,0.0,0.0,0.0,0.0,1,1,5.66,1,1.0,0,1.0,0,1.0,0,1.0
94,81,'1',0.00419,0.01847,0.00357257,139.0,139.0,139.0,0.0,0.0,0.0,0.0,1,1,4.58,1,1.0,0,1.0,0,1.0,0,1.0
94,97,'1',0.00562,0.02693,0.00283582,140.9,140.9,140.9,0.0,0.0,0.0,0.0,1,1,5.65,1,1.0,0,1.0,0,1.0,0,1.0
95,97,'1',0.00629,0.02576,0.00267911,151.3,151.3,151.3,0.0,0.0,0.0,0.0,1,1,5.57,1,1.0,0,1.0,0,1.0,0,1.0
96,97,'1',0.00029,0.00102,0.0,138.0,138.0,138.0,0.0,0.0,0.0,0.0,1,1,0.0,1,1.0,0,1.0,0,1.0,0,1.0
97,75,'1',0.00878,0.04723,0.00390476,172.9,172.9,172.9,0.0,0.0,0.0,0.0,1,1,7.88,1,1.0,0,1.0,0,1.0,0,1.0
98,99,'1',0.0,0.001,0.0,690.0,690.0,690.0,0.0,0.0,0.0,0.0,1,1,0.0,1,1.0,0,1.0,0,1.0,0,1.0
98,101,'1',0.00021,0.00107,0.0,368.0,368.0,368.0,0.0,0.0,0.0,0.0,1,1,0.0,1,1.0,0,1.0,0,1.0,0,1.0
100,95,'1',0.00302,0.01382,0.00118423,184.5,184.5,184.5,0.0,0.0,0.0,0.0,1,1,2.71,1,1.0,0,1.0,0,1.0,0,1.0
103,98,'1',0.00297,0.03001,0.11778,532.9,532.9,532.9,0.0,0.0,0.0,0.0,1,1,32.53,1,1.0,0,1.0,0,1.0,0,1.0
103,512,'1',0.00416,0.03757,0.08796,587.2,587.2,587.2,0.0,0.0,0.0,0.0,1,1,32.09,1,1.0,0,1.0,0,1.0,0,1.0
103,613,'1',0.00392,0.03887,0.04656,529.0,529.0,529.0,0.0,0.0,0.0,0.0,1,1,24.27,1,1.0,0,1.0,0,1.0,0,1.0
104,102,'1',0.00675,0.03017,0.00293825,160.6,160.6,160.6,0.0,0.0,0.0,0.0,1,1,5.87,1,1.0,0,1.0,0,1.0,0,1.0
105,106,'1',0.00022,0.00116,0.0,138.0,138.0,138.0,0.0,0.0,0.0,0.0,1,1,0.0,1,1.0,0,1.0,0,1.0,0,1.0
106,58,'1',0.00702,0.04235,0.00478469,173.5,173.5,173.5,0.0,0.0,0.0,0.0,1,1,8.85,1,1.0,0,1.0,0,1.0,0,1.0
107,534,'1',0.04439,0.15936,0.0375771,161.7,161.7,161.7,0.0,0.0,0.0,0.0,1,1,41.27,1,1.0,0,1.0,0,1.0,0,1.0
108,463,'1',0.01303,0.05543,0.00594623,150.4,150.4,150.4,0.0,0.0,0.0,0.0,1,1,12.25,1,1.0,0,1.0,0,1.0,0,1.0
109,107,'1',0.0071,0.03082,0.00727123,128.3,128.3,128.3,0.0,0.0,0.0,0.0,1,1,8.86,1,1.0,0,1.0,0,1.0,0,1.0
109,117,'1',0.0133,0.06028,0.00504104,150.4,150.4,150.4,0.0,0.0,0.0,0.0,1,1,10.65,1,1.0,0,1.0,0,1.0,0,1.0
109,249,'1',0.04327,0.21711,0.0150087,142.2,142.2,142.2,0.0,0.0,0.0,0.0,1,1,31.13,1,1.0,0,1.0,0,1.0,0,1.0
110,111,'1',0.00881,0.03152,0.0549835,204.0,204.0,204.0,0.0,0.0,0.0,0.0,1,1,22.35,1,1.0,0,1.0,0,1.0,0,1.0
111,261,'1',0.03907,0.19534,0.0157237,135.9,135.9,135.9,0.0,0.0,0.0,0.0,1,1,30.39,1,1.0,0,1.0,0,1.0,0,1.0
112,73,'1',0.01206,0.0635,0.00756139,187.3,187.3,187.3,0.0,0.0,0.0,0.0,1,1,12.0,1,1.0,0,1.0,0,1.0,0,1.0
112,115,'1',0.00297,0.01737,0.00310543,172.2,172.2,172.2,0.0,0.0,0.0,0.0,1,1,4.69,1,1.0,0,1.0,0,1.0,0,1.0
113,115,'1',0.01381,0.04348,0.00259903,170.2,170.2,170.2,0.0,0.0,0.0,0.0,1,1,6.41,1,1.0,0,1.0,0,1.0,0,1.0
113,373,'1',0.01154,0.06572,0.00222828,164.9,164.9,164.9,0.0,0.0,0.0,0.0,1,1,8.51,1,1.0,0,1.0,0,1.0,0,1.0
114,115,'1',0.00024,0.00117,0.0,345.0,345.0,345.0,0.0,0.0,0.0,0.0,1,1,0.0,1,1.0,0,1.0,0,1.0,0,1.0
116,112,'1',0.02795,0.09056,0.00408775,119.4,119.4,119.4,0.0,0.0,0.0,0.0,1,1,11.44,1,1.0,0,1.0,0,1.0,0,1.0
116,115,'1',0.01108,0.05171,0.00730987,100.8,100.8,100.8,0.0,0.0,0.0,0.0,1,1,12.44,1,1.0,0,1.0,0,1.0,0,1.0
117,616,'1',0.00285,0.01589,0.00712197,153.9,153.9,153.9,0.0,0.0,0.0,0.0,1,1,7.08,1,1.0,0,1.0,0,1.0,0,1.0
118,106,'1',0.01139,0.05676,0.00719749,178.7,178.7,178.7,0.0,0.0,0.0,0.0,1,1,12.94,1,1.0,0,1.0,0,1.0,0,1.0
119,70,'1',0.02097,0.09364,0.022184,146.7,146.7,146.7,0.0,0.0,0.0,0.0,1,1,24.67,1,1.0,0,1.0,0,1.0,0,1.0
119,120,'1',0.00419,0.02113,0.00554025,148.5,148.5,148.5,0.0,0.0,0.0,0.0,1,1,7.18,1,1.0,0,1.0,0,1.0,0,1.0
119,133,'1',0.01573,0.07063,0.00986915,103.5,103.5,103.5,0.0,0.0,0.0,0.0,1,1,14.95,1,1.0,0,1.0,0,1.0,0,1.0
120,121,'1',0.01609,0.07601,0.00787361,163.5,163.5,163.5,0.0,0.0,0.0,0.0,1,1,13.51,1,1.0,0,1.0,0,1.0,0,1.0
120,133,'1',0.01978,0.09754,0.0141865,121.5,121.5,121.5,0.0,0.0,0.0,0.0,1,1,19.18,1,1.0,0,1.0,0,1.0,0,1.0
121,154,'1',0.01452,0.05895,0.0103776,169.9,169.9,169.9,0.0,0.0,0.0,0.0,1,1,13.44,1,1.0,0,1.0,0,1.0,0,1.0
122,124,'1',0.00027,0.00107,0.0,690.0,690.0,690.0,0.0,0.0,0.0,0.0,1,1,0.0,1,1.0,0,1.0,0,1.0,0,1.0
123,39,'1',0.01755,0.07489,0.0160687,145.4,145.4,145.4,0.0,0.0,0.0,0.0,1,1,18.49,1,1.0,0,1.0,0,1.0,0,1.0
125,33,'1',0.08644,0.32874,0.0286887,159.1,159.1,159.1,0.0,0.0,0.0,0.0,1,1,51.2,1,1.0,0,1.0,0,1.0,0,1.0
125,140,'1',0.01322,0.04697,0.0113233,145.3,145.3,145.3,0.0,0.0,0.0,0.0,1,1,13.01,1,1.0,0,1.0,0,1.0,0,1.0
126,128,'1',0.05475,0.21697,0.036362,156.0,156.0,156.0,0.0,0.0,0.0,0.0,1,1,46.06,1,1.0,0,1.0,0,1.0,0,1.0
126,137,'1',0.01927,0.08931,0.0087913,130.7,130.7,130.7,0.0,0.0,0.0,0.0,1,1,15.66,1,1.0,0,1.0,0,1.0,0,1.0
126,138,'1',0.03653,0.15094,0.0217753,151.5,151.5,151.5,0.0,0.0,0.0,0.0,1,1,30.61,1,1.0,0,1.0,0,1.0,0,1.0
126,139,'1',0.03657,0.17579,0.0287401,140.6,140.6,140.6,0.0,0.0,0.0,0.0,1,1,38.39,1,1.0,0,1.0,0,1.0,0,1.0
126,147,'1',0.01795,0.07646,0.0191246,128.4,128.4,128.4,0.0,0.0,0.0,0.0,1,1,21.25,1,1.0,0,1.0,0,1.0,0,1.0
127,118,'1',0.007,0.02635,0.00514737,173.7,173.7,173.7,0.0,0.0,0.0,0.0,1,1,7.64,1,1.0,0,1.0,0,1.0,0,1.0
127,131,'1',0.01735,0.08945,0.0177005,165.3,165.3,165.3,0.0,0.0,0.0,0.0,1,1,22.27,1,1.0,0,1.0,0,1.0,0,1.0
128,118,'1',0.01773,0.04454,0.00829303,149.5,149.5,149.5,0.0,0.0,0.0,0.0,1,1,11.53,1,1.0,0,1.0,0,1.0,0,1.0
128,129,'1',0.00028,0.00106,0.0,138.0,138.0,138.0,0.0,0.0,0.0,0.0,1,1,0.0,1,1.0,0,1.0,0,1.0,0,1.0
130,131,'1',0.01691,0.06574,0.00697598,148.7,148.7,148.7,0.0,0.0,0.0,0.0,1,1,11.29,1,1.0,0,1.0,0,1.0,0,1.0
131,475,'1',0.0716,0.32698,0.0186167,153.4,153.4,153.4,0.0,0.0,0.0,0.0,1,1,42.46,1,1.0,0,1.0,0,1.0,0,1.0
134,136,'1',0.00026,0.00112,0.0,690.0,690.0,690.0,0.0,0.0,0.0,0.0,1,1,0.0,1,1.0,0,1.0,0,1.0,0,1.0
135,137,'1',0.05863,0.22774,0.0259399,136.8,136.8,136.8,0.0,0.0,0.0,0.0,1,1,40.94,1,1.0,0,1.0,0,1.0,0,1.0
135,145,'1',0.02729,0.1088,0.0387169,179.1,179.1,179.1,0.0,0.0,0.0,0.0,1,1,33.9,1,1.0,0,1.0,0,1.0,0,1.0
137,151,'1',0.01734,0.06356,0.0178476,125.5,125.5,125.5,0.0,0.0,0.0,0.0,1,1,18.97,1,1.0,0,1.0,0,1.0,0,1.0
138,561,'1',0.00494,0.02121,0.00176502,158.9,158.9,158.9,0.0,0.0,0.0,0.0,1,1,4.38,1,1.0,0,1.0,0,1.0,0,1.0
139,561,'1',0.01495,0.06824,0.00475223,146.7,146.7,146.7,0.0,0.0,0.0,0.0,1,1,10.27,1,1.0,0,1.0,0,1.0,0,1.0
141,144,'1',0.00027,0.00106,0.0,1000.0,1000.0,1000.0,0.0,0.0,0.0,0.0,1,1,0.0,1,1.0,0,1.0,0,1.0,0,1.0
142,141,'1',0.0001,0.001,0.0,782.8,782.8,782.8,0.0,0.0,0.0,0.0,1,1,0.0,1,1.0,0,1.0,0,1.0,0,1.0
142,153,'1',0.00142,0.01154,0.03236,609.3,609.3,609.3,0.0,0.0,0.0,0.0,1,1,11.79,1,1.0,0,1.0,0,1.0,0,1.0
143,151,'1',0.00479,0.01793,0.00234704,169.0,169.0,169.0,0.0,0.0,0.0,0.0,1,1,4.34,1,1.0,0,1.0,0,1.0,0,1.0
144,600,'1',0.00096,0.00828,0.0557702,530.1,530.1,530.1,0.0,0.0,0.0,0.0,1,1,12.2,1,1.0,0,1.0,0,1.0,0,1.0
145,146,'1',0.00022,0.0011,0.0,345.0,345.0,345.0,0.0,0.0,0.0,0.0,1,1,0.0,1,1.0,0,1.0,0,1.0,0,1.0
145,157,'1',0.01243,0.04954,0.00505538,160.1,160.1,160.1,0.0,0.0,0.0,0.0,1,1,9.75,1,1.0,0,1.0,0,1.0,0,1.0
147,132,'1',0.00809,0.03748,0.00657427,159.9,159.9,159.9,0.0,0.0,0.0,0.0,1,1,9.91,1,1.0,0,1.0,0,1.0,0,1.0
147,468,'1',0.02658,0.14365,0.0196622,155.0,155.0,155.0,0.0,0.0,0.0,0.0,1,1,27.69,1,1.0,0,1.0,0,1.0,0,1.0
148,151,'1',0.0037,0.02019,0.00271169,205.1,205.1,205.1,0.0,0.0,0.0,0.0,1,1,4.8,1,1.0,0,1.0,0,1.0,0,1.0
149,65,'1',0.00472,0.04493,0.08558,629.3,629.3,629.3,0.0,0.0,0.0,0.0,1,1,32.22,1,1.0,0,1.0,0,1.0,0,1.0
149,142,'1',0.00229,0.02196,0.01927,574.1,574.1,574.1,0.0,0.0,0.0,0.0,1,1,11.54,1,1.0,0,1.0,0,1.0,0,1.0
149,601,'1',0.00151,0.01543,0.03688,631.2,631.2,631.2,0.0,0.0,0.0,0.0,1,1,12.75,1,1.0,0,1.0,0,1.0,0,1.0
151,147,'1',0.00664,0.02439,0.00209727,171.8,171.8,171.8,0.0,0.0,0.0,0.0,1,1,4.81,1,1.0,0,1.0,0,1.0,0,1.0
152,150,'1',0.00627,0.03057,0.00174303,167.5,167.5,167.5,0.0,0.0,0.0,0.0,1,1,5.1,1,1.0,0,1.0,0,1.0,0,1.0
152,158,'1',0.00728,0.0316,0.00698247,157.8,157.8,157.8,0.0,0.0,0.0,0.0,1,1,9.51,1,1.0,0,1.0,0,1.0,0,1.0
154,159,'1',0.00373,0.01636,0.00296753,195.7,195.7,195.7,0.0,0.0,0.0,0.0,1,1,4.11,1,1.0,0,1.0,0,1.0,0,1.0
155,154,'1',0.00292,0.01533,0.00182946,162.2,162.2,162.2,0.0,0.0,0.0,0.0,1,1,3.59,1,1.0,0,1.0,0,1.0,0,1.0
155,156,'1',0.00024,0.00108,0.0,138.0,138.0,138.0,0.0,0.0,0.0,0.0,1,1,0.0,1,1.0,0,1.0,0,1.0,0,1.0
155,157,'1',0.00467,0.02837,0.00325531,150.6,150.6,150.6,0.0,0.0,0.0,0.0,1,1,5.54,1,1.0,0,1.0,0,1.0,0,1.0
158,127,'1',0.00631,0.03374,0.00724037,174.5,174.5,174.5,0.0,0.0,0.0,0.0,1,1,10.72,1,1.0,0,1.0,0,1.0,0,1.0
158,150,'1',0.0044,0.02608,0.00300947,172.2,172.2,172.2,0.0,0.0,0.0,0.0,1,1,5.9,1,1.0,0,1.0,0,1.0,0,1.0
159,161,'1',0.00443,0.02192,0.00370592,169.3,169.3,169.3,0.0,0.0,0.0,0.0,1,1,5.29,1,1.0,0,1.0,0,1.0,0,1.0
159,162,'1',0.0135,0.05937,0.00287526,139.9,139.9,139.9,0.0,0.0,0.0,0.0,1,1,8.58,1,1.0,0,1.0,0,1.0,0,1.0
160,148,'1',0.00531,0.02513,0.0026326,196.0,196.0,196.0,0.0,0.0,0.0,0.0,1,1,4.7,1,1.0,0,1.0,0,1.0,0,1.0
160,161,'1',0.00372,0.01524,0.00230268,179.6,179.6,179.6,0.0,0.0,0.0,0.0,1,1,4.67,1,1.0,0,1.0,0,1.0,0,1.0
161,162,'1',0.00732,0.03622,0.00247326,125.2,125.2,125.2,0.0,0.0,0.0,0.0,1,1,5.62,1,1.0,0,1.0,0,1.0,0,1.0
162,163,'1',0.00022,0.00105,0.0,345.0,345.0,345.0,0.0,0.0,0.0,0.0,1,1,0.0,1,1.0,0,1.0,0,1.0,0,1.0
164,167,'1',0.00427,0.01559,0.00148194,170.7,170.7,170.7,0.0,0.0,0.0,0.0,1,1,3.58,1,1.0,0,1.0,0,1.0,0,1.0
164,171,'1',0.01079,0.04997,0.00357652,133.5,133.5,133.5,0.0,0.0,0.0,0.0,1,1,9.4,1,1.0,0,1.0,0,1.0,0,1.0
166,165,'1',0.0001,0.001,0.0,670.3,670.3,670.3,0.0,0.0,0.0,0.0,1,1,0.0,1,1.0,0,1.0,0,1.0,0,1.0
166,168,'1',0.00029,0.00111,0.0,690.0,690.0,690.0,0.0,0.0,0.0,0.0,1,1,0.0,1,1.0,0,1.0,0,1.0,0,1.0
168,613,'1',0.00619,0.05051,0.14414,516.4,516.4,516.4,0.0,0.0,0.0,0.0,1,1,47.47,1,1.0,0,1.0,0,1.0,0,1.0
169,170,'1',0.00027,0.00109,0.0,138.0,138.0,138.0,0.0,0.0,0.0,0.0,1,1,0.0,1,1.0,0,1.0,0,1.0,0,1.0
170,164,'1',0.0076,0.04174,0.00959522,151.9,151.9,151.9,0.0,0.0,0.0,0.0,1,1,12.86,1,1.0,0,1.0,0,1.0,0,1.0
171,167,'1',0.01426,0.05872,0.00459238,158.9,158.9,158.9,0.0,0.0,0.0,0.0,1,1,11.63,1,1.0,0,1.0,0,1.0,0,1.0
171,172,'1',0.0161,0.05981,0.0157339,125.0,125.0,125.0,0.0,0.0,0.0,0.0,1,1,16.61,1,1.0,0,1.0,0,1.0,0,1.0
172,43,'1',0.03117,0.13925,0.0111651,157.5,157.5,157.5,0.0,0.0,0.0,0.0,1,1,21.34,1,1.0,0,1.0,0,1.0,0,1.0
172,164,'1',0.01082,0.05216,0.00674218,136.2,136.2,136.2,0.0,0.0,0.0,0.0,1,1,12.01,1,1.0,0,1.0,0,1.0,0,1.0
173,175,'1',0.01245,0.07157,0.00389668,144.1,144.1,144.1,0.0,0.0,0.0,0.0,1,1,11.9,1,1.0,0,1.0,0,1.0,0,1.0
174,176,'1',0.00022,0.00118,0.0,368.0,368.0,368.0,0.0,0.0,0.0,0.0,1,1,0.0,1,1.0,0,1.0,0,1.0,0,1.0
175,174,'1',0.00113,0.05198,0.0,134.7,134.7,134.7,0.0,0.0,0.0,0.0,1,1,0.0,1,1.0,0,1.0,0,1.0,0,1.0
176,177,'1',0.0,0.001,0.0,690.0,690.0,690.0,0.0,0.0,0.0,0.0,1,1,0.0,1,1.0,0,1.0,0,1.0,0,1.0
177,174,'1',0.00022,0.00118,0.0,368.0,368.0,368.0,0.0,0.0,0.0,0.0,1,1,0.0,1,1.0,0,1.0,0,1.0,0,1.0
178,179,'1',0.00028,0.00103,0.0,138.0,138.0,138.0,0.0,0.0,0.0,0.0,1,1,0.0,1,1.0,0,1.0,0,1.0,0,1.0
178,180,'1',0.00931,0.03842,0.00764753,141.3,141.3,141.3,0.0,0.0,0.0,0.0,1,1,10.56,1,1.0,0,1.0,0,1.0,0,1.0
180,44,'1',0.02592,0.11386,0.00759178,136.9,136.9,136.9,0.0,0.0,0.0,0.0,1,1,16.07,1,1.0,0,1.0,0,1.0,0,1.0
181,173,'1',0.02151,0.13246,0.0195268,139.7,139.7,139.7,0.0,0.0,0.0,0.0,1,1,27.99,1,1.0,0,1.0,0,1.0,0,1.0
181,329,'1',0.03546,0.18447,0.0142613,129.2,129.2,129.2,0.0,0.0,0.0,0.0,1,1,27.91,1,1.0,0,1.0,0,1.0,0,1.0
182,175,'1',0.02373,0.12821,0.0173329,140.3,140.3,140.3,0.0,0.0,0.0,0.0,1,1,26.39,1,1.0,0,1.0,0,1.0,0,1.0
183,182,'1',0.02231,0.09691,0.0211199,126.6,126.6,126.6,0.0,0.0,0.0,0.0,1,1,23.73,1,1.0,0,1.0,0,1.0,0,1.0
184,178,'1',0.02192,0.09343,0.0247628,149.6,149.6,149.6,0.0,0.0,0.0,0.0,1,1,25.06,1,1.0,0,1.0,0,1.0,0,1.0
184,182,'1',0.01647,0.07227,0.0300783,153.2,153.2,153.2,0.0,0.0,0.0,0.0,1,1,26.46,1,1.0,0,1.0,0,1.0,0,1.0
185,194,'1',0.00451,0.0192,0.00315198,201.6,201.6,201.6,0.0,0.0,0.0,0.0,1,1,4.6,1,1.0,0,1.0,0,1.0,0,1.0
185,222,'1',0.00514,0.02656,0.0023123,223.2,223.2,223.2,0.0,0.0,0.0,0.0,1,1,4.97,1,1.0,0,1.0,0,1.0,0,1.0
186,188,'1',0.00023,0.00104,0.0,368.0,368.0,368.0,0.0,0.0,0.0,0.0,1,1,0.0,1,1.0,0,1.0,0,1.0,0,1.0
187,191,'1',0.0031,0.01261,0.00260535,187.7,187.7,187.7,0.0,0.0,0.0,0.0,1,1,3.96,1,1.0,0,1.0,0,1.0,0,1.0
188,234,'1',0.0018,0.01682,0.01235,577.2,577.2,577.2,0.0,0.0,0.0,0.0,1,1,10.14,1,1.0,0,1.0,0,1.0,0,1.0
189,190,'1',0.00594,0.02352,0.00257502,162.9,162.9,162.9,0.0,0.0,0.0,0.0,1,1,5.42,1,1.0,0,1.0,0,1.0,0,1.0
190,187,'1',0.001,0.005,0.08,85.0,85.0,85.0,0.0,0.0,0.0,0.0,1,1,0.0,1,1.0,0,1.0,0,1.0,0,1.0
190,193,'1',0.0025,0.007,0.0038,162.6,162.6,162.6,0.0,0.0,0.0,0.0,1,1,6.58,1,1.0,0,1.0,0,1.0,0,1.0
191,222,'1',0.00552,0.02905,0.00292498,176.5,176.5,176.5,0.0,0.0,0.0,0.0,1,1,6.29,1,1.0,0,1.0,0,1.0,0,1.0
191,237,'1',0.00354,0.02057,0.0139246,175.9,175.9,175.9,0.0,0.0,0.0,0.0,1,1,11.9,1,1.0,0,1.0,0,1.0,0,1.0
192,196,'1',0.0113,0.05892,0.0,183.3,183.3,183.3,0.0,0.0,0.0,0.0,1,1,0.0,1,1.0,0,1.0,0,1.0,0,1.0
194,229,'1',0.00564,0.02735,0.00345166,182.1,182.1,182.1,0.0,0.0,0.0,0.0,1,1,6.3,1,1.0,0,1.0,0,1.0,0,1.0
195,191,'1',0.00605,0.03339,0.00488042,161.1,161.1,161.1,0.0,0.0,0.0,0.0,1,1,8.64,1,1.0,0,1.0,0,1.0,0,1.0
195,192,'1',0.0113,0.05892,0.00408829,183.3,183.3,183.3,0.0,0.0,0.0,0.0,1,1,9.23,1,1.0,0,1.0,0,1.0,0,1.0
195,196,'1',0.0,0.001,0.0,345.0,345.0,345.0,0.0,0.0,0.0,0.0,1,1,0.0,1,1.0,0,1.0,0,1.0,0,1.0
197,213,'1',0.0044,0.02799,0.00466562,165.7,165.7,165.7,0.0,0.0,0.0,0.0,1,1,7.8,1,1.0,0,1.0,0,1.0,0,1.0
198,189,'1',0.0031,0.01466,0.00642737,184.4,184.4,184.4,0.0,0.0,0.0,0.0,1,1,5.88,1,1.0,0,1.0,0,1.0,0,1.0
198,200,'1',0.00347,0.01731,0.00338541,184.9,184.9,184.9,0.0,0.0,0.0,0.0,1,1,4.75,1,1.0,0,1.0,0,1.0,0,1.0
199,215,'1',0.00571,0.02815,0.00429079,154.4,154.4,154.4,0.0,0.0,0.0,0.0,1,1,7.96,1,1.0,0,1.0,0,1.0,0,1.0
199,506,'1',0.00397,0.01539,0.000676496,146.3,146.3,146.3,0.0,0.0,0.0,0.0,1,1,2.31,1,1.0,0,1.0,0,1.0,0,1.0
200,197,'1',0.0047,0.0266,0.00313953,175.3,175.3,175.3,0.0,0.0,0.0,0.0,1,1,5.7,1,1.0,0,1.0,0,1.0,0,1.0
201,202,'1',0.0,0.001,0.0,690.0,690.0,690.0,0.0,0.0,0.0,0.0,1,1,0.0,1,1.0,0,1.0,0,1.0,0,1.0
203,205,'1',0.00376,0.01866,0.00143229,139.2,139.2,139.2,0.0,0.0,0.0,0.0,1,1,3.49,1,1.0,0,1.0,0,1.0,0,1.0
203,206,'1',0.00292,0.01233,0.00218793,129.9,129.9,129.9,0.0,0.0,0.0,0.0,1,1,3.75,1,1.0,0,1.0,0,1.0,0,1.0
203,215,'1',0.00624,0.03252,0.00507166,160.7,160.7,160.7,0.0,0.0,0.0,0.0,1,1,9.03,1,1.0,0,1.0,0,1.0,0,1.0
205,492,'1',0.0186,0.08062,0.0275426,170.0,170.0,170.0,0.0,0.0,0.0,0.0,1,1,25.44,1,1.0,0,1.0,0,1.0,0,1.0
206,204,'1',0.01837,0.07111,0.00222657,139.8,139.8,139.8,0.0,0.0,0.0,0.0,1,1,8.86,1,1.0,0,1.0,0,1.0,0,1.0
206,205,'1',0.00361,0.01559,0.00130588,132.9,132.9,132.9,0.0,0.0,0.0,0.0,1,1,3.21,1,1.0,0,1.0,0,1.0,0,1.0
207,210,'1',0.00741,0.03184,0.00328228,214.8,214.8,214.8,0.0,0.0,0.0,0.0,1,1,6.5,1,1.0,0,1.0,0,1.0,0,1.0
209,230,'1',0.00224,0.02155,0.03057,544.1,544.1,544.1,0.0,0.0,0.0,0.0,1,1,13.06,1,1.0,0,1.0,0,1.0,0,1.0
210,208,'1',0.00957,0.04337,0.0066456,152.5,152.5,152.5,0.0,0.0,0.0,0.0,1,1,11.79,1,1.0,0,1.0,0,1.0,0,1.0
211,491,'1',0.0036,0.02602,0.02681,618.6,618.6,618.6,0.0,0.0,0.0,0.0,1,1,14.64,1,1.0,0,1.0,0,1.0,0,1.0
212,213,'1',0.01454,0.04922,0.00310751,153.3,153.3,153.3,0.0,0.0,0.0,0.0,1,1,8.64,1,1.0,0,1.0,0,1.0,0,1.0
214,215,'1',0.00028,0.00114,0.0,138.0,138.0,138.0,0.0,0.0,0.0,0.0,1,1,0.0,1,1.0,0,1.0,0,1.0,0,1.0
216,201,'1',0.00185,0.01924,0.03991,623.3,623.3,623.3,0.0,0.0,0.0,0.0,1,1,14.96,1,1.0,0,1.0,0,1.0,0,1.0
216,218,'1',0.00023,0.00116,0.0,368.0,368.0,368.0,0.0,0.0,0.0,0.0,1,1,0.0,1,1.0,0,1.0,0,1.0,0,1.0
216,230,'1',0.00244,0.01785,0.11676,709.3,709.3,709.3,0.0,0.0,0.0,0.0,1,1,25.0,1,1.0,0,1.0,0,1.0,0,1.0
216,505,'1',0.00132,0.01259,0.03596,676.0,676.0,676.0,0.0,0.0,0.0,0.0,1,1,11.88,1,1.0,0,1.0,0,1.0,0,1.0
217,193,'1',0.00504,0.02758,0.00363409,174.0,174.0,174.0,0.0,0.0,0.0,0.0,1,1,6.31,1,1.0,0,1.0,0,1.0,0,1.0
219,192,'1',0.00536,0.02577,0.00339269,185.8,185.8,185.8,0.0,0.0,0.0,0.0,1,1,6.16,1,1.0,0,1.0,0,1.0,0,1.0
219,217,'1',0.00813,0.03244,0.00426597,196.7,196.7,196.7,0.0,0.0,0.0,0.0,1,1,6.93,1,1.0,0,1.0,0,1.0,0,1.0
220,221,'1',0.00731,0.03551,0.00314466,118.8,118.8,118.8,0.0,0.0,0.0,0.0,1,1,7.18,1,1.0,0,1.0,0,1.0,0,1.0
220,223,'1',0.00882,0.03515,0.00307615,126.7,126.7,126.7,0.0,0.0,0.0,0.0,1,1,6.76,1,1.0,0,1.0,0,1.0,0,1.0
221,225,'1',0.00489,0.0239,0.00151655,110.8,110.8,110.8,0.0,0.0,0.0,0.0,1,1,4.13,1,1.0,0,1.0,0,1.0,0,1.0
221,227,'1',0.00415,0.0155,0.00109254,127.1,127.1,127.1,0.0,0.0,0.0,0.0,1,1,2.99,1,1.0,0,1.0,0,1.0,0,1.0
221,231,'1',0.00257,0.01227,0.0010623,164.1,164.1,164.1,0.0,0.0,0.0,0.0,1,1,2.63,1,1.0,0,1.0,0,1.0,0,1.0
222,187,'1',0.00291,0.01168,0.0010473,205.8,205.8,205.8,0.0,0.0,0.0,0.0,1,1,2.39,1,1.0,0,1.0,0,1.0,0,1.0
223,221,'1',0.0049,0.02461,0.00211163,145.2,145.2,145.2,0.0,0.0,0.0,0.0,1,1,4.8,1,1.0,0,1.0,0,1.0,0,1.0
223,224,'1',0.00028,0.001,0.0,345.0,345.0,345.0,0.0,0.0,0.0,0.0,1,1,0.0,1,1.0,0,1.0,0,1.0,0,1.0
223,225,'1',0.00454,0.01979,0.00109437,151.2,151.2,151.2,0.0,0.0,0.0,0.0,1,1,3.31,1,1.0,0,1.0,0,1.0,0,1.0
225,226,'1',0.00021,0.00114,0.0,345.0,345.0,345.0,0.0,0.0,0.0,0.0,1,1,0.0,1,1.0,0,1.0,0,1.0,0,1.0
225,227,'1',0.00278,0.01275,0.00290249,125.6,125.6,125.6,0.0,0.0,0.0,0.0,1,1,4.0,1,1.0,0,1.0,0,1.0,0,1.0
225,231,'1',0.00476,0.02149,0.00368244,145.6,145.6,145.6,0.0,0.0,0.0,0.0,1,1,5.82,1,1.0,0,1.0,0,1.0,0,1.0
227,228,'1',0.0002,0.00106,0.0,345.0,345.0,345.0,0.0,0.0,0.0,0.0,1,1,0.0,1,1.0,0,1.0,0,1.0,0,1.0
227,231,'1',0.00339,0.01741,0.000931355,151.6,151.6,151.6,0.0,0.0,0.0,0.0,1,1,2.76,1,1.0,0,1.0,0,1.0,0,1.0
229,207,'1',0.01453,0.04914,0.00402065,185.0,185.0,185.0,0.0,0.0,0.0,0.0,1,1,9.2,1,1.0,0,1.0,0,1.0,0,1.0
230,232,'1',0.00028,0.0011,0.0,690.0,690.0,690.0,0.0,0.0,0.0,0.0,1,1,0.0,1,1.0,0,1.0,0,1.0,0,1.0
230,234,'1',0.00179,0.01552,0.0168,603.4,603.4,603.4,0.0,0.0,0.0,0.0,1,1,9.89,1,1.0,0,1.0,0,1.0,0,1.0
233,236,'1',0.0002,0.00107,0.0,1000.0,1000.0,1000.0,0.0,0.0,0.0,0.0,1,1,0.0,1,1.0,0,1.0,0,1.0,0,1.0
234,233,'1',0.0001,0.001,0.0,690.0,690.0,690.0,0.0,0.0,0.0,0.0,1,1,0.0,1,1.0,0,1.0,0,1.0,0,1.0
235,223,'1',0.00521,0.02282,0.00127192,209.0,209.0,209.0,0.0,0.0,0.0,0.0,1,1,3.15,1,1.0,0,1.0,0,1.0,0,1.0
235,238,'1',0.00671,0.03495,0.00213061,189.4,189.4,189.4,0.0,0.0,0.0,0.0,1,1,4.88,1,1.0,0,1.0,0,1.0,0,1.0
237,239,'1',0.00455,0.02819,0.0049225,158.5,158.5,158.5,0.0,0.0,0.0,0.0,1,1,6.72,1,1.0,0,1.0,0,1.0,0,1.0
238,239,'1',0.00836,0.04156,0.00768433,173.1,173.1,173.1,0.0,0.0,0.0,0.0,1,1,12.29,1,1.0,0,1.0,0,1.0,0,1.0
240,208,'1',0.01285,0.05114,0.00895346,167.5,167.5,167.5,0.0,0.0,0.0,0.0,1,1,11.88,1,1.0,0,1.0,0,1.0,0,1.0
240,241,'1',0.01248,0.06698,0.00720963,142.7,142.7,142.7,0.0,0.0,0.0,0.0,1,1,12.08,1,1.0,0,1.0,0,1.0,0,1.0
240,266,'1',0.0167,0.08915,0.00912958,172.6,172.6,172.6,0.0,0.0,0.0,0.0,1,1,15.45,1,1.0,0,1.0,0,1.0,0,1.0
242,251,'1',0.00373,0.01784,0.00214842,140.1,140.1,140.1,0.0,0.0,0.0,0.0,1,1,4.28,1,1.0,0,1.0,0,1.0,0,1.0
242,534,'1',0.00356,0.01607,0.00161135,159.7,159.7,159.7,0.0,0.0,0.0,0.0,1,1,3.71,1,1.0,0,1.0,0,1.0,0,1.0
243,242,'1',0.00394,0.01787,0.00134497,182.9,182.9,182.9,0.0,0.0,0.0,0.0,1,1,3.11,1,1.0,0,1.0,0,1.0,0,1.0
243,544,'1',0.00573,0.0315,0.00470554,206.5,206.5,206.5,0.0,0.0,0.0,0.0,1,1,8.63,1,1.0,0,1.0,0,1.0,0,1.0
244,544,'1',0.00366,0.01669,0.00397763,168.6,168.6,168.6,0.0,0.0,0.0,0.0,1,1,4.94,1,1.0,0,1.0,0,1.0,0,1.0
245,261,'1',0.01877,0.0605,0.00762548,131.2,131.2,131.2,0.0,0.0,0.0,0.0,1,1,10.76,1,1.0,0,1.0,0,1.0,0,1.0
246,247,'1',0.00651,0.03286,0.00216666,116.0,116.0,116.0,0.0,0.0,0.0,0.0,1,1,5.97,1,1.0,0,1.0,0,1.0,0,1.0
246,262,'1',0.0182,0.07321,0.00838908,167.2,167.2,167.2,0.0,0.0,0.0,0.0,1,1,13.6,1,1.0,0,1.0,0,1.0,0,1.0
247,252,'1',0.0097,0.05513,0.00629845,113.4,113.4,113.4,0.0,0.0,0.0,0.0,1,1,12.75,1,1.0,0,1.0,0,1.0,0,1.0
248,492,'1',0.00491,0.0212,0.000910239,138.3,138.3,138.3,0.0,0.0,0.0,0.0,1,1,3.04,1,1.0,0,1.0,0,1.0,0,1.0
248,558,'1',0.01322,0.07882,0.00705665,135.0,135.0,135.0,0.0,0.0,0.0,0.0,1,1,12.63,1,1.0,0,1.0,0,1.0,0,1.0
249,250,'1',0.00915,0.0382,0.00466842,142.1,142.1,142.1,0.0,0.0,0.0,0.0,1,1,8.27,1,1.0,0,1.0,0,1.0,0,1.0
249,358,'1',0.02522,0.11628,0.0537771,135.4,135.4,135.4,0.0,0.0,0.0,0.0,1,1,41.17,1,1.0,0,1.0,0,1.0,0,1.0
250,244,'1',0.00785,0.03583,0.00553049,152.3,152.3,152.3,0.0,0.0,0.0,0.0,1,1,9.27,1,1.0,0,1.0,0,1.0,0,1.0
251,254,'1',0.00274,0.01245,0.00143484,148.0,148.0,148.0,0.0,0.0,0.0,0.0,1,1,2.82,1,1.0,0,1.0,0,1.0,0,1.0
251,255,'1',0.00498,0.02491,0.00156437,129.3,129.3,129.3,0.0,0.0,0.0,0.0,1,1,3.83,1,1.0,0,1.0,0,1.0,0,1.0
251,534,'1',0.00079,0.00375,0.000787932,193.8,193.8,193.8,0.0,0.0,0.0,0.0,1,1,1.1,1,1.0,0,1.0,0,1.0,0,1.0
252,242,'1',0.00459,0.02417,0.00274989,143.9,143.9,143.9,0.0,0.0,0.0,0.0,1,1,4.75,1,1.0,0,1.0,0,1.0,0,1.0
252,246,'1',0.00747,0.03249,0.00357122,134.6,134.6,134.6,0.0,0.0,0.0,0.0,1,1,6.8,1,1.0,0,1.0,0,1.0,0,1.0
253,255,'1',0.00365,0.01464,0.00166928,121.8,121.8,121.8,0.0,0.0,0.0,0.0,1,1,3.19,1,1.0,0,1.0,0,1.0,0,1.0
253,256,'1',0.00358,0.01345,0.000927902,123.4,123.4,123.4,0.0,0.0,0.0,0.0,1,1,2.05,1,1.0,0,1.0,0,1.0,0,1.0
253,534,'1',0.00658,0.03308,0.00461832,141.4,141.4,141.4,0.0,0.0,0.0,0.0,1,1,8.69,1,1.0,0,1.0,0,1.0,0,1.0
254,257,'1',0.01147,0.06011,0.00483588,168.5,168.5,168.5,0.0,0.0,0.0,0.0,1,1,10.83,1,1.0,0,1.0,0,1.0,0,1.0
255,254,'1',0.00233,0.00976,0.00193549,130.7,130.7,130.7,0.0,0.0,0.0,0.0,1,1,3.05,1,1.0,0,1.0,0,1.0,0,1.0
255,256,'1',0.00666,0.02649,0.00141942,121.0,121.0,121.0,0.0,0.0,0.0,0.0,1,1,3.91,1,1.0,0,1.0,0,1.0,0,1.0
256,252,'1',0.00591,0.02579,0.00180017,138.6,138.6,138.6,0.0,0.0,0.0,0.0,1,1,4.49,1,1.0,0,1.0,0,1.0,0,1.0
256,534,'1',0.0064,0.02814,0.00481218,146.1,146.1,146.1,0.0,0.0,0.0,0.0,1,1,7.37,1,1.0,0,1.0,0,1.0,0,1.0
257,259,'1',0.00201,0.01276,0.000724797,180.8,180.8,180.8,0.0,0.0,0.0,0.0,1,1,2.2,1,1.0,0,1.0,0,1.0,0,1.0
258,260,'1',0.00021,0.0012,0.0,368.0,368.0,368.0,0.0,0.0,0.0,0.0,1,1,0.0,1,1.0,0,1.0,0,1.0,0,1.0
258,533,'1',0.00182,0.01645,0.0233,504.5,504.5,504.5,0.0,0.0,0.0,0.0,1,1,12.82,1,1.0,0,1.0,0,1.0,0,1.0
258,555,'1',0.00279,0.02503,0.06333,585.1,585.1,585.1,0.0,0.0,0.0,0.0,1,1,20.98,1,1.0,0,1.0,0,1.0,0,1.0
259,271,'1',0.01026,0.05713,0.0100618,139.3,139.3,139.3,0.0,0.0,0.0,0.0,1,1,13.25,1,1.0,0,1.0,0,1.0,0,1.0
261,553,'1',0.00453,0.02179,0.0283,143.0,143.0,143.0,0.0,0.0,0.0,0.0,1,1,12.89,1,1.0,0,1.0,0,1.0,0,1.0
262,558,'1',0.00852,0.04185,0.0109978,159.6,159.6,159.6,0.0,0.0,0.0,0.0,1,1,11.87,1,1.0,0,1.0,0,1.0,0,1.0
263,560,'1',0.00386,0.02953,0.09393,444.8,444.8,444.8,0.0,0.0,0.0,0.0,1,1,28.18,1,1.0,0,1.0,0,1.0,0,1.0
264,270,'1',0.01522,0.0743,0.00528996,133.0,133.0,133.0,0.0,0.0,0.0,0.0,1,1,13.56,1,1.0,0,1.0,0,1.0,0,1.0
265,16,'1',0.01963,0.09144,0.0257872,149.7,149.7,149.7,0.0,0.0,0.0,0.0,1,1,26.0,1,1.0,0,1.0,0,1.0,0,1.0
265,264,'1',0.01367,0.04684,0.00827845,159.4,159.4,159.4,0.0,0.0,0.0,0.0,1,1,11.37,1,1.0,0,1.0,0,1.0,0,1.0
266,267,'1',0.00776,0.03795,0.0148653,176.6,176.6,176.6,0.0,0.0,0.0,0.0,1,1,12.88,1,1.0,0,1.0,0,1.0,0,1.0
267,269,'1',0.00524,0.01995,0.00534622,184.8,184.8,184.8,0.0,0.0,0.0,0.0,1,1,5.62,1,1.0,0,1.0,0,1.0,0,1.0
270,262,'1',0.01932,0.07671,0.0144835,132.1,132.1,132.1,0.0,0.0,0.0,0.0,1,1,18.1,1,1.0,0,1.0,0,1.0,0,1.0
271,257,'1',0.01581,0.07218,0.00658925,125.8,125.8,125.8,0.0,0.0,0.0,0.0,1,1,12.0,1,1.0,0,1.0,0,1.0,0,1.0
272,279,'1',0.01364,0.08055,0.0077637,158.4,158.4,158.4,0.0,0.0,0.0,0.0,1,1,13.44,1,1.0,0,1.0,0,1.0,0,1.0
272,280,'1',0.00942,0.05712,0.010307,152.9,152.9,152.9,0.0,0.0,0.0,0.0,1,1,13.1,1,1.0,0,1.0,0,1.0,0,1.0
273,274,'1',0.0,0.001,0.0,345.0,345.0,345.0,0.0,0.0,0.0,0.0,1,1,0.0,1,1.0,0,1.0,0,1.0,0,1.0
273,276,'1',0.01547,0.08497,0.023524,118.9,118.9,118.9,0.0,0.0,0.0,0.0,1,1,24.33,1,1.0,0,1.0,0,1.0,0,1.0
274,275,'1',0.02184,0.0894,0.0,99.4,99.4,99.4,0.0,0.0,0.0,0.0,1,1,0.0,1,1.0,0,1.0,0,1.0,0,1.0
275,273,'1',0.02184,0.0894,0.0168659,99.4,99.4,99.4,0.0,0.0,0.0,0.0,1,1,20.45,1,1.0,0,1.0,0,1.0,0,1.0
275,329,'1',0.01369,0.07691,0.0123421,124.0,124.0,124.0,0.0,0.0,0.0,0.0,1,1,16.66,1,1.0,0,1.0,0,1.0,0,1.0
276,279,'1',0.00594,0.02733,0.00131152,161.1,161.1,161.1,0.0,0.0,0.0,0.0,1,1,4.06,1,1.0,0,1.0,0,1.0,0,1.0
276,280,'1',0.01221,0.04435,0.00319978,130.8,130.8,130.8,0.0,0.0,0.0,0.0,1,1,6.91,1,1.0,0,1.0,0,1.0,0,1.0
278,277,'1',0.0001,0.001,0.0,725.4,725.4,725.4,0.0,0.0,0.0,0.0,1,1,0.0,1,1.0,0,1.0,0,1.0,0,1.0
278,320,'1',0.00366,0.03211,0.0835,475.7,475.7,475.7,0.0,0.0,0.0,0.0,1,1,27.37,1,1.0,0,1.0,0,1.0,0,1.0
279,321,'1',0.03188,0.1428,0.0187755,170.5,170.5,170.5,0.0,0.0,0.0,0.0,1,1,26.96,1,1.0,0,1.0,0,1.0,0,1.0
280,275,'1',0.01392,0.06089,0.00709624,119.5,119.5,119.5,0.0,0.0,0.0,0.0,1,1,11.0,1,1.0,0,1.0,0,1.0,0,1.0
281,379,'1',0.01949,0.07867,0.00496402,147.5,147.5,147.5,0.0,0.0,0.0,0.0,1,1,12.92,1,1.0,0,1.0,0,1.0,0,1.0
282,281,'1',0.01611,0.0751,0.00742436,114.2,114.2,114.2,0.0,0.0,0.0,0.0,1,1,12.94,1,1.0,0,1.0,0,1.0,0,1.0
283,284,'1',0.00028,0.0011,0.0,345.0,345.0,345.0,0.0,0.0,0.0,0.0,1,1,0.0,1,1.0,0,1.0,0,1.0,0,1.0
284,281,'1',0.00772,0.032,0.00399341,127.6,127.6,127.6,0.0,0.0,0.0,0.0,1,1,6.42,1,1.0,0,1.0,0,1.0,0,1.0
284,282,'1',0.01244,0.05089,0.00380353,113.3,113.3,113.3,0.0,0.0,0.0,0.0,1,1,8.43,1,1.0,0,1.0,0,1.0,0,1.0
285,287,'1',0.00495,0.01789,0.00191126,145.7,145.7,145.7,0.0,0.0,0.0,0.0,1,1,4.26,1,1.0,0,1.0,0,1.0,0,1.0
285,297,'1',0.00566,0.02549,0.021718,154.2,154.2,154.2,0.0,0.0,0.0,0.0,1,1,12.27,1,1.0,0,1.0,0,1.0,0,1.0
285,592,'1',0.01293,0.04582,0.00312249,178.7,178.7,178.7,0.0,0.0,0.0,0.0,1,1,7.88,1,1.0,0,1.0,0,1.0,0,1.0
286,499,'1',0.00103,0.00553,0.00465782,170.3,170.3,170.3,0.0,0.0,0.0,0.0,1,1,2.71,1,1.0,0,1.0,0,1.0,0,1.0
287,288,'1',0.00022,0.00118,0.0,345.0,345.0,345.0,0.0,0.0,0.0,0.0,1,1,0.0,1,1.0,0,1.0,0,1.0,0,1.0
287,295,'1',0.00656,0.03141,0.00814569,132.0,132.0,132.0,0.0,0.0,0.0,0.0,1,1,9.18,1,1.0,0,1.0,0,1.0,0,1.0
287,465,'1',0.01573,0.07583,0.0108493,167.8,167.8,167.8,0.0,0.0,0.0,0.0,1,1,15.29,1,1.0,0,1.0,0,1.0,0,1.0
287,592,'1',0.00553,0.01993,0.00187642,189.8,189.8,189.8,0.0,0.0,0.0,0.0,1,1,4.18,1,1.0,0,1.0,0,1.0,0,1.0
289,464,'1',0.01314,0.04999,0.00588271,154.4,154.4,154.4,0.0,0.0,0.0,0.0,1,1,10.08,1,1.0,0,1.0,0,1.0,0,1.0
289,499,'1',0.00194,0.00815,0.00672565,162.0,162.0,162.0,0.0,0.0,0.0,0.0,1,1,4.47,1,1.0,0,1.0,0,1.0,0,1.0
290,291,'1',0.01849,0.07861,0.00490404,167.0,167.0,167.0,0.0,0.0,0.0,0.0,1,1,14.47,1,1.0,0,1.0,0,1.0,0,1.0
290,336,'1',0.02152,0.08661,0.0167807,168.4,168.4,168.4,0.0,0.0,0.0,0.0,1,1,21.47,1,1.0,0,1.0,0,1.0,0,1.0
291,284,'1',0.01287,0.06978,0.00944712,140.4,140.4,140.4,0.0,0.0,0.0,0.0,1,1,13.76,1,1.0,0,1.0,0,1.0,0,1.0
293,292,'1',0.00407,0.02065,0.00256492,129.3,129.3,129.3,0.0,0.0,0.0,0.0,1,1,4.68,1,1.0,0,1.0,0,1.0,0,1.0
293,351,'1',0.03228,0.10797,0.0121297,143.1,143.1,143.1,0.0,0.0,0.0,0.0,1,1,19.76,1,1.0,0,1.0,0,1.0,0,1.0
294,292,'1',0.01186,0.05894,0.00267923,140.4,140.4,140.4,0.0,0.0,0.0,0.0,1,1,8.05,1,1.0,0,1.0,0,1.0,0,1.0
294,293,'1',0.00788,0.04525,0.00350178,144.5,144.5,144.5,0.0,0.0,0.0,0.0,1,1,7.76,1,1.0,0,1.0,0,1.0,0,1.0
295,285,'1',0.0048,0.02525,0.00411316,135.7,135.7,135.7,0.0,0.0,0.0,0.0,1,1,6.22,1,1.0,0,1.0,0,1.0,0,1.0
295,296,'1',0.00023,0.0011,0.0,345.0,345.0,345.0,0.0,0.0,0.0,0.0,1,1,0.0,1,1.0,0,1.0,0,1.0,0,1.0
297,295,'1',0.00428,0.02131,0.00874281,153.3,153.3,153.3,0.0,0.0,0.0,0.0,1,1,7.5,1,1.0,0,1.0,0,1.0,0,1.0
297,304,'1',0.00393,0.02103,0.00667159,161.6,161.6,161.6,0.0,0.0,0.0,0.0,1,1,7.26,1,1.0,0,1.0,0,1.0,0,1.0
298,301,'1',0.0002,0.00105,0.0,1500.0,1500.0,1500.0,0.0,0.0,0.0,0.0,1,1,0.0,1,1.0,0,1.0,0,1.0,0,1.0
298,478,'1',0.00276,0.02631,0.18756,800.0,758.6,800.0,0.0,0.0,0.0,0.0,1,1,37.15,1,1.0,0,1.0,0,1.0,0,1.0
298,524,'1',0.00354,0.03369,0.272176,708.1,708.1,708.1,0.0,0.0,0.0,0.0,1,1,50.3,1,1.0,0,1.0,0,1.0,0,1.0
299,298,'1',0.0001,0.001,0.0,997.0,997.0,997.0,0.0,0.0,0.0,0.0,1,1,0.0,1,1.0,0,1.0,0,1.0,0,1.0
299,386,'1',0.0013,0.01118,0.01354,532.4,532.4,532.4,0.0,0.0,0.0,0.0,1,1,7.99,1,1.0,0,1.0,0,1.0,0,1.0
299,449,'1',0.00106,0.01054,0.02136,490.2,490.2,490.2,0.0,0.0,0.0,0.0,1,1,9.95,1,1.0,0,1.0,0,1.0,0,1.0
299,453,'1',0.002,0.01704,0.03101,485.5,485.5,485.5,0.0,0.0,0.0,0.0,1,1,12.31,1,1.0,0,1.0,0,1.0,0,1.0
300,348,'1',0.00642,0.02148,0.00316102,190.1,190.1,190.1,0.0,0.0,0.0,0.0,1,1,5.21,1,1.0,0,1.0,0,1.0,0,1.0
300,353,'1',0.00858,0.04344,0.0161476,172.2,172.2,172.2,0.0,0.0,0.0,0.0,1,1,15.43,1,1.0,0,1.0,0,1.0,0,1.0
300,450,'1',0.00492,0.02292,0.00212941,175.8,175.8,175.8,0.0,0.0,0.0,0.0,1,1,4.15,1,1.0,0,1.0,0,1.0,0,1.0
300,457,'1',0.00609,0.0344,0.0050537,165.8,165.8,165.8,0.0,0.0,0.0,0.0,1,1,8.4,1,1.0,0,1.0,0,1.0,0,1.0
302,383,'1',0.00552,0.02804,0.00233138,175.4,175.4,175.4,0.0,0.0,0.0,0.0,1,1,4.73,1,1.0,0,1.0,0,1.0,0,1.0
305,304,'1',0.0089,0.03925,0.00412869,158.9,158.9,158.9,0.0,0.0,0.0,0.0,1,1,7.71,1,1.0,0,1.0,0,1.0,0,1.0
305,306,'1',0.0235,0.08383,0.0106779,151.4,151.4,151.4,0.0,0.0,0.0,0.0,1,1,16.2,1,1.0,0,1.0,0,1.0,0,1.0
306,308,'1',0.00696,0.03534,0.00327629,145.4,145.4,145.4,0.0,0.0,0.0,0.0,1,1,7.25,1,1.0,0,1.0,0,1.0,0,1.0
309,310,'1',0.0019,0.01031,0.00801303,114.5,114.5,114.5,0.0,0.0,0.0,0.0,1,1,5.34,1,1.0,0,1.0,0,1.0,0,1.0
310,311,'1',0.00028,0.00117,0.0,138.0,138.0,138.0,0.0,0.0,0.0,0.0,1,1,0.0,1,1.0,0,1.0,0,1.0,0,1.0
310,409,'1',0.00778,0.04033,0.00255785,147.0,147.0,147.0,0.0,0.0,0.0,0.0,1,1,7.77,1,1.0,0,1.0,0,1.0,0,1.0
310,410,'1',0.00328,0.01768,0.00275914,118.2,118.2,118.2,0.0,0.0,0.0,0.0,1,1,4.9,1,1.0,0,1.0,0,1.0,0,1.0
312,291,'1',0.01578,0.0702,0.00993621,136.2,136.2,136.2,0.0,0.0,0.0,0.0,1,1,14.68,1,1.0,0,1.0,0,1.0,0,1.0
312,376,'1',0.00812,0.03177,0.00236143,145.3,145.3,145.3,0.0,0.0,0.0,0.0,1,1,5.54,1,1.0,0,1.0,0,1.0,0,1.0
313,592,'1',0.01179,0.05924,0.0115244,164.2,164.2,164.2,0.0,0.0,0.0,0.0,1,1,14.31,1,1.0,0,1.0,0,1.0,0,1.0
314,316,'1',0.0002,0.00115,0.0,368.0,368.0,368.0,0.0,0.0,0.0,0.0,1,1,0.0,1,1.0,0,1.0,0,1.0,0,1.0
314,453,'1',0.00224,0.01811,0.07898,488.0,488.0,488.0,0.0,0.0,0.0,0.0,1,1,19.81,1,1.0,0,1.0,0,1.0,0,1.0
315,592,'1',0.01255,0.06822,0.0121199,170.7,170.7,170.7,0.0,0.0,0.0,0.0,1,1,15.85,1,1.0,0,1.0,0,1.0,0,1.0
317,313,'1',0.00385,0.01735,0.00190066,159.0,159.0,159.0,0.0,0.0,0.0,0.0,1,1,3.81,1,1.0,0,1.0,0,1.0,0,1.0
317,315,'1',0.00773,0.03616,0.00218451,150.3,150.3,150.3,0.0,0.0,0.0,0.0,1,1,5.72,1,1.0,0,1.0,0,1.0,0,1.0
318,319,'1',0.00843,0.03959,0.00326688,179.8,179.8,179.8,0.0,0.0,0.0,0.0,1,1,7.21,1,1.0,0,1.0,0,1.0,0,1.0
318,321,'1',0.01119,0.04846,0.00250719,183.2,183.2,183.2,0.0,0.0,0.0,0.0,1,1,7.74,1,1.0,0,1.0,0,1.0,0,1.0
320,479,'1',0.00383,0.03838,0.1345,551.8,551.8,551.8,0.0,0.0,0.0,0.0,1,1,37.18,1,1.0,0,1.0,0,1.0,0,1.0
322,386,'1',0.0012,0.01048,0.0416,543.3,543.3,543.3,0.0,0.0,0.0,0.0,1,1,10.61,1,1.0,0,1.0,0,1.0,0,1.0
322,564,'1',0.00468,0.03414,0.0989,559.6,559.6,559.6,0.0,0.0,0.0,0.0,1,1,31.21,1,1.0,0,1.0,0,1.0,0,1.0
323,324,'1',0.00974,0.03993,0.00260966,180.6,180.6,180.6,0.0,0.0,0.0,0.0,1,1,6.71,1,1.0,0,1.0,0,1.0,0,1.0
324,373,'1',0.00796,0.03672,0.00197913,167.1,167.1,167.1,0.0,0.0,0.0,0.0,1,1,5.75,1,1.0,0,1.0,0,1.0,0,1.0
325,303,'1',0.00449,0.01976,0.00254654,157.9,157.9,157.9,0.0,0.0,0.0,0.0,1,1,4.07,1,1.0,0,1.0,0,1.0,0,1.0
325,331,'1',0.00568,0.02497,0.00472436,153.6,153.6,153.6,0.0,0.0,0.0,0.0,1,1,7.0,1,1.0,0,1.0,0,1.0,0,1.0
325,383,'1',0.01448,0.05626,0.00635795,158.7,158.7,158.7,0.0,0.0,0.0,0.0,1,1,12.65,1,1.0,0,1.0,0,1.0,0,1.0
326,327,'1',0.0033,0.01904,0.00172651,145.5,145.5,145.5,0.0,0.0,0.0,0.0,1,1,4.21,1,1.0,0,1.0,0,1.0,0,1.0
326,334,'1',0.00376,0.01668,0.00347204,121.4,121.4,121.4,0.0,0.0,0.0,0.0,1,1,5.69,1,1.0,0,1.0,0,1.0,0,1.0
326,372,'1',0.00628,0.0234,0.00697696,142.9,142.9,142.9,0.0,0.0,0.0,0.0,1,1,9.47,1,1.0,0,1.0,0,1.0,0,1.0
327,328,'1',0.00028,0.00104,0.0,345.0,345.0,345.0,0.0,0.0,0.0,0.0,1,1,0.0,1,1.0,0,1.0,0,1.0,0,1.0
327,330,'1',0.01298,0.04431,0.00301951,134.0,134.0,134.0,0.0,0.0,0.0,0.0,1,1,7.88,1,1.0,0,1.0,0,1.0,0,1.0
330,331,'1',0.00435,0.0191,0.00261518,159.8,159.8,159.8,0.0,0.0,0.0,0.0,1,1,4.69,1,1.0,0,1.0,0,1.0,0,1.0
332,333,'1',0.00026,0.00108,0.0,345.0,345.0,345.0,0.0,0.0,0.0,0.0,1,1,0.0,1,1.0,0,1.0,0,1.0,0,1.0
333,327,'1',0.00778,0.03249,0.00410179,120.2,120.2,120.2,0.0,0.0,0.0,0.0,1,1,6.69,1,1.0,0,1.0,0,1.0,0,1.0
333,330,'1',0.00739,0.03237,0.00272419,128.7,128.7,128.7,0.0,0.0,0.0,0.0,1,1,6.46,1,1.0,0,1.0,0,1.0,0,1.0
334,374,'1',0.00585,0.02964,0.00231083,132.5,132.5,132.5,0.0,0.0,0.0,0.0,1,1,6.33,1,1.0,0,1.0,0,1.0,0,1.0
335,363,'1',0.00944,0.04492,0.0,127.0,127.0,127.0,0.0,0.0,0.0,0.0,1,1,0.0,1,1.0,0,1.0,0,1.0,0,1.0
335,400,'1',0.01794,0.05903,0.0161121,141.8,141.8,141.8,0.0,0.0,0.0,0.0,1,1,16.58,1,1.0,0,1.0,0,1.0,0,1.0
336,319,'1',0.01401,0.08196,0.0158873,173.6,173.6,173.6,0.0,0.0,0.0,0.0,1,1,19.46,1,1.0,0,1.0,0,1.0,0,1.0
337,294,'1',0.0008,0.012,0.0044,170.0,170.0,170.0,0.0,0.0,0.0,0.0,1,1,7.4,1,1.0,0,1.0,0,1.0,0,1.0
337,339,'1',0.01192,0.05134,0.00319792,147.5,147.5,147.5,0.0,0.0,0.0,0.0,1,1,7.92,1,1.0,0,1.0,0,1.0,0,1.0
338,339,'1',0.00028,0.00104,0.0,345.0,345.0,345.0,0.0,0.0,0.0,0.0,1,1,0.0,1,1.0,0,1.0,0,1.0,0,1.0
340,341,'1',0.00029,0.00108,0.0,345.0,345.0,345.0,0.0,0.0,0.0,0.0,1,1,0.0,1,1.0,0,1.0,0,1.0,0,1.0
341,480,'1',0.00913,0.03206,0.00326569,152.5,152.5,152.5,0.0,0.0,0.0,0.0,1,1,6.7,1,1.0,0,1.0,0,1.0,0,1.0
342,343,'1',0.0002,0.00104,0.0,345.0,345.0,345.0,0.0,0.0,0.0,0.0,1,1,0.0,1,1.0,0,1.0,0,1.0,0,1.0
342,344,'1',0.00362,0.0197,0.00193605,140.6,140.6,140.6,0.0,0.0,0.0,0.0,1,1,3.45,1,1.0,0,1.0,0,1.0,0,1.0
342,351,'1',0.00937,0.04266,0.00490597,152.2,152.2,152.2,0.0,0.0,0.0,0.0,1,1,8.73,1,1.0,0,1.0,0,1.0,0,1.0
344,303,'1',0.00866,0.04202,0.00197064,156.8,156.8,156.8,0.0,0.0,0.0,0.0,1,1,6.29,1,1.0,0,1.0,0,1.0,0,1.0
344,348,'1',0.00437,0.01538,0.00508309,167.9,167.9,167.9,0.0,0.0,0.0,0.0,1,1,5.97,1,1.0,0,1.0,0,1.0,0,1.0
345,347,'1',0.0003,0.00109,0.0,690.0,690.0,690.0,0.0,0.0,0.0,0.0,1,1,0.0,1,1.0,0,1.0,0,1.0,0,1.0
345,449,'1',0.0029,0.02988,0.05648,451.6,451.6,451.6,0.0,0.0,0.0,0.0,1,1,22.3,1,1.0,0,1.0,0,1.0,0,1.0
348,302,'1',0.00246,0.01135,0.0013986,153.3,153.3,153.3,0.0,0.0,0.0,0.0,1,1,2.95,1,1.0,0,1.0,0,1.0,0,1.0
349,351,'1',0.0055,0.03012,0.00292441,168.2,168.2,168.2,0.0,0.0,0.0,0.0,1,1,7.16,1,1.0,0,1.0,0,1.0,0,1.0
350,351,'1',0.00021,0.00117,0.0,345.0,345.0,345.0,0.0,0.0,0.0,0.0,1,1,0.0,1,1.0,0,1.0,0,1.0,0,1.0
351,346,'1',0.00507,0.02816,0.00275821,172.1,172.1,172.1,0.0,0.0,0.0,0.0,1,1,5.87,1,1.0,0,1.0,0,1.0,0,1.0
352,341,'1',0.01723,0.0951,0.0123787,144.9,144.9,144.9,0.0,0.0,0.0,0.0,1,1,18.43,1,1.0,0,1.0,0,1.0,0,1.0
352,511,'1',0.02601,0.10319,0.0134463,130.1,130.1,130.1,0.0,0.0,0.0,0.0,1,1,19.3,1,1.0,0,1.0,0,1.0,0,1.0
353,407,'1',0.00577,0.03172,0.0047848,164.2,164.2,164.2,0.0,0.0,0.0,0.0,1,1,7.96,1,1.0,0,1.0,0,1.0,0,1.0
354,403,'1',0.00328,0.01399,0.0071049,163.8,163.8,163.8,0.0,0.0,0.0,0.0,1,1,5.65,1,1.0,0,1.0,0,1.0,0,1.0
355,617,'1',0.01453,0.07493,0.00421662,162.7,162.7,162.7,0.0,0.0,0.0,0.0,1,1,9.97,1,1.0,0,1.0,0,1.0,0,1.0
356,617,'1',0.00363,0.01742,0.0108523,124.6,124.6,124.6,0.0,0.0,0.0,0.0,1,1,8.28,1,1.0,0,1.0,0,1.0,0,1.0
357,358,'1',0.00026,0.00118,0.0,345.0,345.0,345.0,0.0,0.0,0.0,0.0,1,1,0.0,1,1.0,0,1.0,0,1.0,0,1.0
358,286,'1',0.01368,0.05027,0.00575302,140.8,140.8,140.8,0.0,0.0,0.0,0.0,1,1,10.23,1,1.0,0,1.0,0,1.0,0,1.0
359,367,'1',0.0076,0.03428,0.00306128,143.0,143.0,143.0,0.0,0.0,0.0,0.0,1,1,6.6,1,1.0,0,1.0,0,1.0,0,1.0
360,298,'1',0.00132,0.01179,0.0720945,549.9,549.9,549.9,0.0,0.0,0.0,0.0,1,1,15.88,1,1.0,0,1.0,0,1.0,0,1.0
361,322,'1',0.00217,0.01936,0.01097,463.2,463.2,463.2,0.0,0.0,0.0,0.0,1,1,10.51,1,1.0,0,1.0,0,1.0,0,1.0
361,360,'1',0.00022,0.01456,0.0,954.2,954.2,954.2,0.0,0.0,0.0,0.0,1,1,0.0,1,1.0,0,1.0,0,1.0,0,1.0
362,335,'1',0.00944,0.04492,0.00277939,127.0,127.0,127.0,0.0,0.0,0.0,0.0,1,1,7.02,1,1.0,0,1.0,0,1.0,0,1.0
362,363,'1',0.0,0.001,0.0,345.0,345.0,345.0,0.0,0.0,0.0,0.0,1,1,0.0,1,1.0,0,1.0,0,1.0,0,1.0
363,365,'1',0.00344,0.01599,0.0,169.6,169.6,169.6,0.0,0.0,0.0,0.0,1,1,0.0,1,1.0,0,1.0,0,1.0,0,1.0
364,371,'1',0.00611,0.02854,0.00172741,173.4,173.4,173.4,0.0,0.0,0.0,0.0,1,1,4.97,1,1.0,0,1.0,0,1.0,0,1.0
364,587,'1',0.00554,0.0225,0.00246525,191.9,191.9,191.9,0.0,0.0,0.0,0.0,1,1,4.71,1,1.0,0,1.0,0,1.0,0,1.0
365,362,'1',0.00344,0.01599,0.00164964,169.6,169.6,169.6,0.0,0.0,0.0,0.0,1,1,3.29,1,1.0,0,1.0,0,1.0,0,1.0
365,366,'1',0.00025,0.00106,0.0,345.0,345.0,345.0,0.0,0.0,0.0,0.0,1,1,0.0,1,1.0,0,1.0,0,1.0,0,1.0
365,367,'1',0.00152,0.00709,0.00117133,150.2,150.2,150.2,0.0,0.0,0.0,0.0,1,1,1.87,1,1.0,0,1.0,0,1.0,0,1.0
368,359,'1',0.0014,0.00715,0.00136323,159.2,159.2,159.2,0.0,0.0,0.0,0.0,1,1,2.23,1,1.0,0,1.0,0,1.0,0,1.0
369,372,'1',0.00354,0.01489,0.00332399,171.3,171.3,171.3,0.0,0.0,0.0,0.0,1,1,4.2,1,1.0,0,1.0,0,1.0,0,1.0
369,381,'1',0.00366,0.01486,0.00127724,138.7,138.7,138.7,0.0,0.0,0.0,0.0,1,1,2.81,1,1.0,0,1.0,0,1.0,0,1.0
369,405,'1',0.00246,0.01109,0.000804272,158.7,158.7,158.7,0.0,0.0,0.0,0.0,1,1,2.07,1,1.0,0,1.0,0,1.0,0,1.0
370,387,'1',0.00501,0.02265,0.00266401,166.5,166.5,166.5,0.0,0.0,0.0,0.0,1,1,5.77,1,1.0,0,1.0,0,1.0,0,1.0
370,444,'1',0.00608,0.02874,0.00146387,142.0,142.0,142.0,0.0,0.0,0.0,0.0,1,1,4.08,1,1.0,0,1.0,0,1.0,0,1.0
371,365,'1',0.00284,0.01331,0.00161806,136.1,136.1,136.1,0.0,0.0,0.0,0.0,1,1,2.92,1,1.0,0,1.0,0,1.0,0,1.0
371,367,'1',0.00475,0.02115,0.00226605,132.4,132.4,132.4,0.0,0.0,0.0,0.0,1,1,4.2,1,1.0,0,1.0,0,1.0,0,1.0
372,374,'1',0.00148,0.00758,0.00180599,166.8,166.8,166.8,0.0,0.0,0.0,0.0,1,1,2.41,1,1.0,0,1.0,0,1.0,0,1.0
372,444,'1',0.00281,0.01309,0.00966844,150.1,150.1,150.1,0.0,0.0,0.0,0.0,1,1,6.38,1,1.0,0,1.0,0,1.0,0,1.0
374,387,'1',0.00328,0.01826,0.00642913,190.1,190.1,190.1,0.0,0.0,0.0,0.0,1,1,6.87,1,1.0,0,1.0,0,1.0,0,1.0
375,355,'1',0.00844,0.04449,0.0112926,170.6,170.6,170.6,0.0,0.0,0.0,0.0,1,1,11.07,1,1.0,0,1.0,0,1.0,0,1.0
375,427,'1',0.01075,0.05272,0.0334561,148.6,148.6,148.6,0.0,0.0,0.0,0.0,1,1,23.22,1,1.0,0,1.0,0,1.0,0,1.0
376,377,'1',0.00029,0.00102,0.0,138.0,138.0,138.0,0.0,0.0,0.0,0.0,1,1,0.0,1,1.0,0,1.0,0,1.0,0,1.0
376,379,'1',0.00599,0.03251,0.00677896,152.7,152.7,152.7,0.0,0.0,0.0,0.0,1,1,8.82,1,1.0,0,1.0,0,1.0,0,1.0
378,380,'1',0.00022,0.00116,0.0,368.0,368.0,368.0,0.0,0.0,0.0,0.0,1,1,0.0,1,1.0,0,1.0,0,1.0,0,1.0
380,435,'1',0.00361,0.03179,0.083,523.3,523.3,523.3,0.0,0.0,0.0,0.0,1,1,27.89,1,1.0,0,1.0,0,1.0,0,1.0
382,383,'1',0.00022,0.00118,0.0,138.0,138.0,138.0,0.0,0.0,0.0,0.0,1,1,0.0,1,1.0,0,1.0,0,1.0,0,1.0
383,300,'1',0.00235,0.01128,0.00126356,219.6,219.6,219.6,0.0,0.0,0.0,0.0,1,1,2.42,1,1.0,0,1.0,0,1.0,0,1.0
383,384,'1',0.00405,0.01916,0.0033289,168.9,168.9,168.9,0.0,0.0,0.0,0.0,1,1,5.23,1,1.0,0,1.0,0,1.0,0,1.0
383,443,'1',0.00188,0.00663,0.00527817,154.6,154.6,154.6,0.0,0.0,0.0,0.0,1,1,3.94,1,1.0,0,1.0,0,1.0,0,1.0
384,385,'1',0.00021,0.00106,0.0,345.0,345.0,345.0,0.0,0.0,0.0,0.0,1,1,0.0,1,1.0,0,1.0,0,1.0,0,1.0
386,361,'1',0.00162,0.0147,0.02302,572.7,572.7,572.7,0.0,0.0,0.0,0.0,1,1,11.5,1,1.0,0,1.0,0,1.0,0,1.0
386,449,'1',0.00121,0.00969,0.01361,507.2,507.2,507.2,0.0,0.0,0.0,0.0,1,1,7.17,1,1.0,0,1.0,0,1.0,0,1.0
386,453,'1',0.00141,0.01282,0.0334,511.7,511.7,511.7,0.0,0.0,0.0,0.0,1,1,11.03,1,1.0,0,1.0,0,1.0,0,1.0
387,384,'1',0.00354,0.02392,0.0011597,175.4,175.4,175.4,0.0,0.0,0.0,0.0,1,1,3.7,1,1.0,0,1.0,0,1.0,0,1.0
387,405,'1',0.00279,0.0128,0.000584438,189.6,189.6,189.6,0.0,0.0,0.0,0.0,1,1,2.07,1,1.0,0,1.0,0,1.0,0,1.0
387,450,'1',0.00302,0.0128,0.0108762,201.4,201.4,201.4,0.0,0.0,0.0,0.0,1,1,7.38,1,1.0,0,1.0,0,1.0,0,1.0
388,389,'1',0.00022,0.00118,0.0,138.0,138.0,138.0,0.0,0.0,0.0,0.0,1,1,0.0,1,1.0,0,1.0,0,1.0,0,1.0
389,307,'1',0.00382,0.01926,0.00257915,187.8,187.8,187.8,0.0,0.0,0.0,0.0,1,1,4.39,1,1.0,0,1.0,0,1.0,0,1.0
389,402,'1',0.00198,0.00859,0.00364741,188.4,188.4,188.4,0.0,0.0,0.0,0.0,1,1,3.58,1,1.0,0,1.0,0,1.0,0,1.0
390,391,'1',0.00029,0.00108,0.0,345.0,345.0,345.0,0.0,0.0,0.0,0.0,1,1,0.0,1,1.0,0,1.0,0,1.0,0,1.0
391,424,'1',0.0027,0.0099,0.000814978,185.7,185.7,185.7,0.0,0.0,0.0,0.0,1,1,1.98,1,1.0,0,1.0,0,1.0,0,1.0
391,434,'1',0.00234,0.01044,0.00257282,165.5,165.5,165.5,0.0,0.0,0.0,0.0,1,1,3.43,1,1.0,0,1.0,0,1.0,0,1.0
392,412,'1',0.00471,0.01904,0.00324456,190.6,190.6,190.6,0.0,0.0,0.0,0.0,1,1,4.78,1,1.0,0,1.0,0,1.0,0,1.0
392,424,'1',0.00564,0.02779,0.00233103,179.8,179.8,179.8,0.0,0.0,0.0,0.0,1,1,5.58,1,1.0,0,1.0,0,1.0,0,1.0
392,523,'1',0.00325,0.01407,0.0212685,300.0,300.0,300.0,0.0,0.0,0.0,0.0,1,1,12.2,1,1.0,0,1.0,0,1.0,0,1.0
392,523,'2',0.00325,0.01407,0.0212685,225.9,225.9,225.9,0.0,0.0,0.0,0.0,1,1,12.2,1,1.0,0,1.0,0,1.0,0,1.0
392,537,'1',0.00135,0.00473,0.000450105,176.8,176.8,176.8,0.0,0.0,0.0,0.0,1,1,1.13,1,1.0,0,1.0,0,1.0,0,1.0
393,422,'1',0.01147,0.05177,0.00424739,178.2,178.2,178.2,0.0,0.0,0.0,0.0,1,1,9.33,1,1.0,0,1.0,0,1.0,0,1.0
394,397,'1',0.0002,0.00106,0.0,690.0,690.0,690.0,0.0,0.0,0.0,0.0,1,1,0.0,1,1.0,0,1.0,0,1.0,0,1.0
395,396,'1',0.0,0.001,0.0,138.0,138.0,138.0,0.0,0.0,0.0,0.0,1,1,0.0,1,1.0,0,1.0,0,1.0,0,1.0
395,436,'1',0.00519,0.01955,0.000933227,184.7,184.7,184.7,0.0,0.0,0.0,0.0,1,1,2.99,1,1.0,0,1.0,0,1.0,0,1.0
397,435,'1',0.00134,0.0129,0.01708,461.4,461.4,461.4,0.0,0.0,0.0,0.0,1,1,10.41,1,1.0,0,1.0,0,1.0,0,1.0
397,539,'1',0.00159,0.01381,0.02584,393.5,393.5,393.5,0.0,0.0,0.0,0.0,1,1,12.98,1,1.0,0,1.0,0,1.0,0,1.0
397,540,'1',0.00277,0.026,0.0448,422.5,422.5,422.5,0.0,0.0,0.0,0.0,1,1,18.36,1,1.0,0,1.0,0,1.0,0,1.0
398,412,'1',0.00278,0.01446,0.000816495,175.2,175.2,175.2,0.0,0.0,0.0,0.0,1,1,2.31,1,1.0,0,1.0,0,1.0,0,1.0
399,414,'1',0.00237,0.00865,0.000679163,182.9,182.9,182.9,0.0,0.0,0.0,0.0,1,1,1.86,1,1.0,0,1.0,0,1.0,0,1.0
399,537,'1',0.00267,0.0134,0.00201,214.0,214.0,214.0,0.0,0.0,0.0,0.0,1,1,3.24,1,1.0,0,1.0,0,1.0,0,1.0
400,406,'1',0.00353,0.0137,0.00123984,176.3,176.3,176.3,0.0,0.0,0.0,0.0,1,1,2.35,1,1.0,0,1.0,0,1.0,0,1.0
400,452,'1',0.00267,0.01194,0.000823397,154.3,154.3,154.3,0.0,0.0,0.0,0.0,1,1,2.33,1,1.0,0,1.0,0,1.0,0,1.0
401,445,'1',0.00396,0.01894,0.00182483,147.5,147.5,147.5,0.0,0.0,0.0,0.0,1,1,3.74,1,1.0,0,1.0,0,1.0,0,1.0
402,523,'1',0.00304,0.01478,0.00206,226.4,226.4,226.4,0.0,0.0,0.0,0.0,1,1,3.19,1,1.0,0,1.0,0,1.0,0,1.0
404,405,'1',0.00029,0.00113,0.0,345.0,345.0,345.0,0.0,0.0,0.0,0.0,1,1,0.0,1,1.0,0,1.0,0,1.0,0,1.0
405,381,'1',0.0042,0.01665,0.0021162,149.9,149.9,149.9,0.0,0.0,0.0,0.0,1,1,3.9,1,1.0,0,1.0,0,1.0,0,1.0
406,392,'1',0.00406,0.01991,0.00287683,170.7,170.7,170.7,0.0,0.0,0.0,0.0,1,1,5.0,1,1.0,0,1.0,0,1.0,0,1.0
406,541,'1',0.00412,0.01416,0.00661885,210.5,210.5,210.5,0.0,0.0,0.0,0.0,1,1,5.78,1,1.0,0,1.0,0,1.0,0,1.0
408,407,'1',0.00518,0.02828,0.00209119,150.4,150.4,150.4,0.0,0.0,0.0,0.0,1,1,4.47,1,1.0,0,1.0,0,1.0,0,1.0
408,515,'1',0.00346,0.01691,0.0016961,164.0,164.0,164.0,0.0,0.0,0.0,0.0,1,1,3.52,1,1.0,0,1.0,0,1.0,0,1.0
409,515,'1',0.00708,0.03639,0.01123,213.8,213.8,213.8,0.0,0.0,0.0,0.0,1,1,13.72,1,1.0,0,1.0,0,1.0,0,1.0
410,309,'1',0.01028,0.0565,0.0033801,112.9,112.9,112.9,0.0,0.0,0.0,0.0,1,1,9.24,1,1.0,0,1.0,0,1.0,0,1.0
410,437,'1',0.00525,0.03518,0.0030598,120.4,120.4,120.4,0.0,0.0,0.0,0.0,1,1,7.58,1,1.0,0,1.0,0,1.0,0,1.0
411,389,'1',0.00297,0.01306,0.00109225,191.6,191.6,191.6,0.0,0.0,0.0,0.0,1,1,2.57,1,1.0,0,1.0,0,1.0,0,1.0
412,424,'1',0.0035,0.01246,0.000809457,154.0,154.0,154.0,0.0,0.0,0.0,0.0,1,1,2.28,1,1.0,0,1.0,0,1.0,0,1.0
412,440,'1',0.00381,0.01505,0.00254282,148.5,148.5,148.5,0.0,0.0,0.0,0.0,1,1,4.32,1,1.0,0,1.0,0,1.0,0,1.0
413,397,'1',0.00143,0.0119,0.01992,406.3,406.3,406.3,0.0,0.0,0.0,0.0,1,1,10.3,1,1.0,0,1.0,0,1.0,0,1.0
413,540,'1',0.00226,0.01818,0.02175,426.2,426.2,426.2,0.0,0.0,0.0,0.0,1,1,13.16,1,1.0,0,1.0,0,1.0,0,1.0
414,401,'1',0.00189,0.00954,0.00120783,164.6,164.6,164.6,0.0,0.0,0.0,0.0,1,1,2.37,1,1.0,0,1.0,0,1.0,0,1.0
414,439,'1',0.00415,0.01843,0.00338562,162.5,162.5,162.5,0.0,0.0,0.0,0.0,1,1,5.1,1,1.0,0,1.0,0,1.0,0,1.0
415,417,'1',0.00021,0.00101,0.0,368.0,368.0,368.0,0.0,0.0,0.0,0.0,1,1,0.0,1,1.0,0,1.0,0,1.0,0,1.0
415,518,'1',0.00287,0.02535,0.02795,523.3,523.3,523.3,0.0,0.0,0.0,0.0,1,1,14.11,1,1.0,0,1.0,0,1.0,0,1.0
416,420,'1',0.00231,0.01192,0.00221643,191.5,191.5,191.5,0.0,0.0,0.0,0.0,1,1,3.34,1,1.0,0,1.0,0,1.0,0,1.0
418,411,'1',0.00275,0.01275,0.00343368,169.4,169.4,169.4,0.0,0.0,0.0,0.0,1,1,4.48,1,1.0,0,1.0,0,1.0,0,1.0
419,420,'1',0.00021,0.001,0.0,138.0,138.0,138.0,0.0,0.0,0.0,0.0,1,1,0.0,1,1.0,0,1.0,0,1.0,0,1.0
420,432,'1',0.00118,0.00758,0.00173881,171.9,171.9,171.9,0.0,0.0,0.0,0.0,1,1,2.23,1,1.0,0,1.0,0,1.0,0,1.0
421,422,'1',0.00474,0.02145,0.00175551,159.7,159.7,159.7,0.0,0.0,0.0,0.0,1,1,3.96,1,1.0,0,1.0,0,1.0,0,1.0
421,429,'1',0.00599,0.02605,0.00871502,197.9,197.9,197.9,0.0,0.0,0.0,0.0,1,1,9.59,1,1.0,0,1.0,0,1.0,0,1.0
421,430,'1',0.00497,0.01615,0.0024151,157.1,157.1,157.1,0.0,0.0,0.0,0.0,1,1,4.15,1,1.0,0,1.0,0,1.0,0,1.0
423,434,'1',0.00287,0.01382,0.00163535,154.5,154.5,154.5,0.0,0.0,0.0,0.0,1,1,2.84,1,1.0,0,1.0,0,1.0,0,1.0
423,537,'1',0.00743,0.03918,0.0076883,180.2,180.2,180.2,0.0,0.0,0.0,0.0,1,1,9.43,1,1.0,0,1.0,0,1.0,0,1.0
425,391,'1',0.00249,0.01053,0.00286467,136.6,136.6,136.6,0.0,0.0,0.0,0.0,1,1,3.87,1,1.0,0,1.0,0,1.0,0,1.0
426,427,'1',0.00023,0.00112,0.0,345.0,345.0,345.0,0.0,0.0,0.0,0.0,1,1,0.0,1,1.0,0,1.0,0,1.0,0,1.0
427,425,'1',0.00355,0.01591,0.00153544,142.8,142.8,142.8,0.0,0.0,0.0,0.0,1,1,3.32,1,1.0,0,1.0,0,1.0,0,1.0
427,440,'1',0.00391,0.01762,0.00401678,135.4,135.4,135.4,0.0,0.0,0.0,0.0,1,1,5.48,1,1.0,0,1.0,0,1.0,0,1.0
428,418,'1',0.00669,0.03406,0.00514874,163.3,163.3,163.3,0.0,0.0,0.0,0.0,1,1,8.71,1,1.0,0,1.0,0,1.0,0,1.0
428,458,'1',0.01346,0.06208,0.113848,182.8,182.8,182.8,0.0,0.0,0.0,0.0,1,1,45.39,1,1.0,0,1.0,0,1.0,0,1.0
429,428,'1',0.00518,0.02387,0.00371488,202.2,202.2,202.2,0.0,0.0,0.0,0.0,1,1,6.13,1,1.0,0,1.0,0,1.0,0,1.0
430,422,'1',0.00441,0.02478,0.00110634,143.8,143.8,143.8,0.0,0.0,0.0,0.0,1,1,3.49,1,1.0,0,1.0,0,1.0,0,1.0
430,431,'1',0.0,0.001,0.0,345.0,345.0,345.0,0.0,0.0,0.0,0.0,1,1,0.0,1,1.0,0,1.0,0,1.0,0,1.0
432,398,'1',0.003,0.01495,0.00441338,160.4,160.4,160.4,0.0,0.0,0.0,0.0,1,1,4.98,1,1.0,0,1.0,0,1.0,0,1.0
433,435,'1',0.00029,0.00106,0.0,690.0,690.0,690.0,0.0,0.0,0.0,0.0,1,1,0.0,1,1.0,0,1.0,0,1.0,0,1.0
434,393,'1',0.00234,0.01301,0.00185121,203.1,203.1,203.1,0.0,0.0,0.0,0.0,1,1,3.12,1,1.0,0,1.0,0,1.0,0,1.0
435,415,'1',0.00159,0.01459,0.01065,500.0,500.0,500.0,0.0,0.0,0.0,0.0,1,1,7.19,1,1.0,0,1.0,0,1.0,0,1.0
435,489,'1',0.0019,0.01772,0.03182,553.9,553.9,553.9,0.0,0.0,0.0,0.0,1,1,12.66,1,1.0,0,1.0,0,1.0,0,1.0
435,539,'1',0.0016,0.01391,0.01307,459.9,459.9,459.9,0.0,0.0,0.0,0.0,1,1,8.49,1,1.0,0,1.0,0,1.0,0,1.0
436,396,'1',0.00519,0.01955,0.0,184.7,184.7,184.7,0.0,0.0,0.0,0.0,1,1,0.0,1,1.0,0,1.0,0,1.0,0,1.0
436,437,'1',0.00582,0.03546,0.00270582,167.8,167.8,167.8,0.0,0.0,0.0,0.0,1,1,6.42,1,1.0,0,1.0,0,1.0,0,1.0
437,310,'1',0.00644,0.0305,0.00272678,123.5,123.5,123.5,0.0,0.0,0.0,0.0,1,1,5.28,1,1.0,0,1.0,0,1.0,0,1.0
437,409,'1',0.00382,0.01821,0.00217382,178.6,178.6,178.6,0.0,0.0,0.0,0.0,1,1,4.17,1,1.0,0,1.0,0,1.0,0,1.0
438,439,'1',0.00379,0.01659,0.000685503,174.2,174.2,174.2,0.0,0.0,0.0,0.0,1,1,2.17,1,1.0,0,1.0,0,1.0,0,1.0
440,424,'1',0.0035,0.01364,0.00105623,135.3,135.3,135.3,0.0,0.0,0.0,0.0,1,1,2.75,1,1.0,0,1.0,0,1.0,0,1.0
441,456,'1',0.00279,0.01119,0.0,157.9,157.9,157.9,0.0,0.0,0.0,0.0,1,1,0.0,1,1.0,0,1.0,0,1.0,0,1.0
442,364,'1',0.00664,0.03621,0.00189207,160.2,160.2,160.2,0.0,0.0,0.0,0.0,1,1,5.74,1,1.0,0,1.0,0,1.0,0,1.0
442,541,'1',0.00524,0.02564,0.00326976,180.1,180.1,180.1,0.0,0.0,0.0,0.0,1,1,5.22,1,1.0,0,1.0,0,1.0,0,1.0
444,368,'1',0.00333,0.01683,0.00120248,175.5,175.5,175.5,0.0,0.0,0.0,0.0,1,1,2.91,1,1.0,0,1.0,0,1.0,0,1.0
445,439,'1',0.00421,0.01812,0.00134449,164.4,164.4,164.4,0.0,0.0,0.0,0.0,1,1,3.63,1,1.0,0,1.0,0,1.0,0,1.0
446,449,'1',0.00028,0.00108,0.0,690.0,690.0,690.0,0.0,0.0,0.0,0.0,1,1,0.0,1,1.0,0,1.0,0,1.0,0,1.0
447,368,'1',0.00303,0.01482,0.00285359,198.1,198.1,198.1,0.0,0.0,0.0,0.0,1,1,4.58,1,1.0,0,1.0,0,1.0,0,1.0
447,448,'1',0.0,0.001,0.0,168.0,168.0,168.0,0.0,0.0,0.0,0.0,1,1,0.0,1,1.0,0,1.0,0,1.0,0,1.0
447,450,'1',0.00353,0.01719,0.00452953,184.0,184.0,184.0,0.0,0.0,0.0,0.0,1,1,5.97,1,1.0,0,1.0,0,1.0,0,1.0
447,455,'1',0.00122,0.00573,0.00134495,182.2,182.2,182.2,0.0,0.0,0.0,0.0,1,1,1.99,1,1.0,0,1.0,0,1.0,0,1.0
449,453,'1',0.00105,0.00859,0.01018,491.7,491.7,491.7,0.0,0.0,0.0,0.0,1,1,6.15,1,1.0,0,1.0,0,1.0,0,1.0
449,540,'1',0.00088,0.00846,0.05249,550.0,550.0,550.0,0.0,0.0,0.0,0.0,1,1,11.71,1,1.0,0,1.0,0,1.0,0,1.0
450,443,'1',0.00258,0.0124,0.000833077,166.9,166.9,166.9,0.0,0.0,0.0,0.0,1,1,2.34,1,1.0,0,1.0,0,1.0,0,1.0
451,453,'1',0.00029,0.00107,0.0,368.0,368.0,368.0,0.0,0.0,0.0,0.0,1,1,0.0,1,1.0,0,1.0,0,1.0,0,1.0
452,441,'1',0.00506,0.02563,0.000933286,180.1,180.1,180.1,0.0,0.0,0.0,0.0,1,1,3.45,1,1.0,0,1.0,0,1.0,0,1.0
453,413,'1',0.00097,0.00888,0.01476,382.7,382.7,382.7,0.0,0.0,0.0,0.0,1,1,7.29,1,1.0,0,1.0,0,1.0,0,1.0
453,540,'1',0.00122,0.01146,0.01483,460.1,460.1,460.1,0.0,0.0,0.0,0.0,1,1,8.13,1,1.0,0,1.0,0,1.0,0,1.0
454,438,'1',0.00267,0.01091,0.00384884,188.5,188.5,188.5,0.0,0.0,0.0,0.0,1,1,4.37,1,1.0,0,1.0,0,1.0,0,1.0
454,450,'1',0.00201,0.00724,0.00136343,190.3,190.3,190.3,0.0,0.0,0.0,0.0,1,1,1.83,1,1.0,0,1.0,0,1.0,0,1.0
454,457,'1',0.0043,0.02289,0.00221282,145.5,145.5,145.5,0.0,0.0,0.0,0.0,1,1,5.0,1,1.0,0,1.0,0,1.0,0,1.0
455,441,'1',0.00279,0.01119,0.00522815,157.9,157.9,157.9,0.0,0.0,0.0,0.0,1,1,4.78,1,1.0,0,1.0,0,1.0,0,1.0
455,448,'1',0.00122,0.00573,0.0,182.2,182.2,182.2,0.0,0.0,0.0,0.0,1,1,0.0,1,1.0,0,1.0,0,1.0,0,1.0
455,456,'1',0.0,0.001,0.0,345.0,345.0,345.0,0.0,0.0,0.0,0.0,1,1,0.0,1,1.0,0,1.0,0,1.0,0,1.0
456,447,'1',0.00122,0.00573,0.0,182.2,182.2,182.2,0.0,0.0,0.0,0.0,1,1,0.0,1,1.0,0,1.0,0,1.0,0,1.0
459,592,'1',0.0121,0.04841,0.021222,142.4,142.4,142.4,0.0,0.0,0.0,0.0,1,1,17.5,1,1.0,0,1.0,0,1.0,0,1.0
460,459,'1',0.01172,0.06555,0.00565033,135.9,135.9,135.9,0.0,0.0,0.0,0.0,1,1,13.6,1,1.0,0,1.0,0,1.0,0,1.0
461,503,'1',0.00587,0.05077,0.05249,430.1,430.1,430.1,0.0,0.0,0.0,0.0,1,1,27.99,1,1.0,0,1.0,0,1.0,0,1.0
462,241,'1',0.08293,0.39489,0.035554,135.4,135.4,135.4,0.0,0.0,0.0,0.0,1,1,61.57,1,1.0,0,1.0,0,1.0,0,1.0
463,460,'1',0.02691,0.09801,0.0123193,145.1,145.1,145.1,0.0,0.0,0.0,0.0,1,1,19.17,1,1.0,0,1.0,0,1.0,0,1.0
464,465,'1',0.01143,0.05013,0.00700004,170.5,170.5,170.5,0.0,0.0,0.0,0.0,1,1,13.06,1,1.0,0,1.0,0,1.0,0,1.0
464,592,'1',0.01161,0.06371,0.00611799,160.0,160.0,160.0,0.0,0.0,0.0,0.0,1,1,12.45,1,1.0,0,1.0,0,1.0,0,1.0
465,458,'1',0.00912,0.04651,0.0183601,183.3,183.3,183.3,0.0,0.0,0.0,0.0,1,1,15.93,1,1.0,0,1.0,0,1.0,0,1.0
466,469,'1',0.05395,0.09703,0.0193399,158.7,158.7,158.7,0.0,0.0,0.0,0.0,1,1,23.9,1,1.0,0,1.0,0,1.0,0,1.0
467,49,'1',0.01611,0.08018,0.0112042,139.5,139.5,139.5,0.0,0.0,0.0,0.0,1,1,15.6,1,1.0,0,1.0,0,1.0,0,1.0
467,466,'1',0.01858,0.08839,0.00466177,143.6,143.6,143.6,0.0,0.0,0.0,0.0,1,1,13.19,1,1.0,0,1.0,0,1.0,0,1.0
469,183,'1',0.02376,0.14861,0.0202677,140.1,140.1,140.1,0.0,0.0,0.0,0.0,1,1,29.6,1,1.0,0,1.0,0,1.0,0,1.0
469,611,'1',0.00412,0.02258,0.00368456,163.3,163.3,163.3,0.0,0.0,0.0,0.0,1,1,5.8,1,1.0,0,1.0,0,1.0,0,1.0
470,76,'1',0.02585,0.10416,0.0228842,155.9,155.9,155.9,0.0,0.0,0.0,0.0,1,1,25.81,1,1.0,0,1.0,0,1.0,0,1.0
471,111,'1',0.01337,0.06541,0.018957,151.4,151.4,151.4,0.0,0.0,0.0,0.0,1,1,18.79,1,1.0,0,1.0,0,1.0,0,1.0
471,595,'1',0.00529,0.02971,0.00262163,185.4,185.4,185.4,0.0,0.0,0.0,0.0,1,1,5.63,1,1.0,0,1.0,0,1.0,0,1.0
472,606,'1',0.00851,0.03623,0.0106969,166.1,166.1,166.1,0.0,0.0,0.0,0.0,1,1,12.89,1,1.0,0,1.0,0,1.0,0,1.0
473,545,'1',0.00288,0.02082,0.17476,634.4,634.4,634.4,0.0,0.0,0.0,0.0,1,1,32.34,1,1.0,0,1.0,0,1.0,0,1.0
473,604,'1',0.00168,0.03,0.35,640.0,640.0,640.0,0.0,0.0,0.0,0.0,1,1,23.17,1,1.0,0,1.0,0,1.0,0,1.0
474,473,'1',0.0001,0.001,0.0,641.0,641.0,641.0,0.0,0.0,0.0,0.0,1,1,0.0,1,1.0,0,1.0,0,1.0,0,1.0
478,509,'1',0.00138,0.01134,0.06558,697.9,697.9,697.9,0.0,0.0,0.0,0.0,1,1,15.42,1,1.0,0,1.0,0,1.0,0,1.0
479,478,'1',0.0001,0.001,0.0,774.6,774.6,774.6,0.0,0.0,0.0,0.0,1,1,0.0,1,1.0,0,1.0,0,1.0,0,1.0
479,569,'1',0.00094,0.0083,0.02385,545.4,545.4,545.4,0.0,0.0,0.0,0.0,1,1,8.66,1,1.0,0,1.0,0,1.0,0,1.0
480,356,'1',0.01095,0.03833,0.00558735,133.9,133.9,133.9,0.0,0.0,0.0,0.0,1,1,8.51,1,1.0,0,1.0,0,1.0,0,1.0
484,360,'1',0.00156,0.01368,0.0944248,421.9,421.9,421.9,0.0,0.0,0.0,0.0,1,1,20.17,1,1.0,0,1.0,0,1.0,0,1.0
484,497,'1',0.00144,0.01371,0.131594,477.6,477.6,477.6,0.0,0.0,0.0,0.0,1,1,23.56,1,1.0,0,1.0,0,1.0,0,1.0
485,484,'1',0.0001,0.001,0.0,690.0,690.0,690.0,0.0,0.0,0.0,0.0,1,1,0.0,1,1.0,0,1.0,0,1.0,0,1.0
485,484,'2',0.0001,0.001,0.0,690.0,690.0,690.0,0.0,0.0,0.0,0.0,1,1,0.0,1,1.0,0,1.0,0,1.0,0,1.0
485,489,'1',0.00024,0.00112,0.0,780.0,780.0,780.0,0.0,0.0,0.0,0.0,1,1,0.0,1,1.0,0,1.0,0,1.0,0,1.0
486,523,'1',0.00022,0.00108,1.02322e-05,187.3,187.3,187.3,0.0,0.0,0.0,0.0,1,1,0.27,1,1.0,0,1.0,0,1.0,0,1.0
489,415,'1',0.00127,0.0131,0.03561,556.5,556.5,556.5,0.0,0.0,0.0,0.0,1,1,11.98,1,1.0,0,1.0,0,1.0,0,1.0
489,518,'1',0.00147,0.01211,0.01216,561.1,561.1,561.1,0.0,0.0,0.0,0.0,1,1,7.99,1,1.0,0,1.0,0,1.0,0,1.0
490,531,'1',0.00168,0.01746,0.152042,378.8,378.8,378.8,0.0,0.0,0.0,0.0,1,1,28.09,1,1.0,0,1.0,0,1.0,0,1.0
490,550,'1',0.003,0.0237,0.194303,705.2,705.2,705.2,0.0,0.0,0.0,0.0,1,1,38.54,1,1.0,0,1.0,0,1.0,0,1.0
491,268,'1',0.00259,0.02351,0.06656,517.3,517.3,517.3,0.0,0.0,0.0,0.0,1,1,21.63,1,1.0,0,1.0,0,1.0,0,1.0
491,490,'1',0.0001,0.001,0.0,914.5,914.5,914.5,0.0,0.0,0.0,0.0,1,1,0.0,1,1.0,0,1.0,0,1.0,0,1.0
491,560,'1',0.00131,0.01314,0.03284,545.8,545.8,545.8,0.0,0.0,0.0,0.0,1,1,10.96,1,1.0,0,1.0,0,1.0,0,1.0
497,517,'1',0.00162,0.01296,0.0881738,430.8,430.8,430.8,0.0,0.0,0.0,0.0,1,1,18.48,1,1.0,0,1.0,0,1.0,0,1.0
498,497,'1',0.0001,0.001,0.0,462.9,462.9,462.9,0.0,0.0,0.0,0.0,1,1,0.0,1,1.0,0,1.0,0,1.0,0,1.0
498,503,'1',0.00029,0.00104,0.0,368.0,368.0,368.0,0.0,0.0,0.0,0.0,1,1,0.0,1,1.0,0,1.0,0,1.0,0,1.0
499,592,'1',0.00071,0.00325,9.09531e-05,300.0,300.0,300.0,0.0,0.0,0.0,0.0,1,1,0.55,1,1.0,0,1.0,0,1.0,0,1.0
504,233,'1',0.00192,0.01743,0.08876,449.3,449.3,449.3,0.0,0.0,0.0,0.0,1,1,22.14,1,1.0,0,1.0,0,1.0,0,1.0
504,556,'1',0.00306,0.02886,0.182178,464.0,464.0,464.0,0.0,0.0,0.0,0.0,1,1,40.49,1,1.0,0,1.0,0,1.0,0,1.0
505,211,'1',0.00256,0.02392,0.0423,574.3,574.3,574.3,0.0,0.0,0.0,0.0,1,1,17.38,1,1.0,0,1.0,0,1.0,0,1.0
505,504,'1',0.0001,0.001,0.0,881.1,881.1,881.1,0.0,0.0,0.0,0.0,1,1,0.0,1,1.0,0,1.0,0,1.0,0,1.0
506,198,'1',0.00525,0.02793,0.00290086,188.9,188.9,188.9,0.0,0.0,0.0,0.0,1,1,5.47,1,1.0,0,1.0,0,1.0,0,1.0
510,509,'1',0.0001,0.001,0.0,717.8,717.8,717.8,0.0,0.0,0.0,0.0,1,1,0.0,1,1.0,0,1.0,0,1.0,0,1.0
510,512,'1',0.00025,0.00102,0.0,830.0,770.0,830.0,0.0,0.0,0.0,0.0,1,1,0.0,1,1.0,0,1.0,0,1.0,0,1.0
511,337,'1',0.0008,0.005,0.00068,205.0,205.0,205.0,0.0,0.0,0.0,0.0,1,1,1.4,1,1.0,0,1.0,0,1.0,0,1.0
511,339,'1',0.01058,0.03291,0.00398424,154.8,154.8,154.8,0.0,0.0,0.0,0.0,1,1,7.11,1,1.0,0,1.0,0,1.0,0,1.0
512,479,'1',0.00301,0.02045,0.03816,508.9,508.9,508.9,0.0,0.0,0.0,0.0,1,1,14.49,1,1.0,0,1.0,0,1.0,0,1.0
513,516,'1',0.00022,0.00118,0.0,1000.0,1000.0,1000.0,0.0,0.0,0.0,0.0,1,1,0.0,1,1.0,0,1.0,0,1.0,0,1.0
514,397,'1',0.0015,0.01271,0.01649,566.6,566.6,566.6,0.0,0.0,0.0,0.0,1,1,7.75,1,1.0,0,1.0,0,1.0,0,1.0
514,513,'1',0.0001,0.001,0.0,803.1,803.1,803.1,0.0,0.0,0.0,0.0,1,1,0.0,1,1.0,0,1.0,0,1.0,0,1.0
516,298,'1',0.00096,0.00759,0.0587242,522.1,522.1,522.1,0.0,0.0,0.0,0.0,1,1,11.63,1,1.0,0,1.0,0,1.0,0,1.0
517,360,'1',0.00198,0.01662,0.117064,328.1,328.1,328.1,0.0,0.0,0.0,0.0,1,1,23.11,1,1.0,0,1.0,0,1.0,0,1.0
517,484,'1',0.00078,0.00528,0.0264279,708.3,708.3,708.3,0.0,0.0,0.0,0.0,1,1,7.75,1,1.0,0,1.0,0,1.0,0,1.0
518,517,'1',0.0001,0.001,0.0,730.1,730.1,730.1,0.0,0.0,0.0,0.0,1,1,0.0,1,1.0,0,1.0,0,1.0,0,1.0
519,308,'1',0.00301,0.01443,0.00181448,161.2,161.2,161.2,0.0,0.0,0.0,0.0,1,1,3.32,1,1.0,0,1.0,0,1.0,0,1.0
523,307,'1',0.00291,0.01177,0.00302729,195.4,195.4,195.4,0.0,0.0,0.0,0.0,1,1,3.85,1,1.0,0,1.0,0,1.0,0,1.0
523,599,'1',0.00355,0.015,0.0121082,177.5,177.5,177.5,0.0,0.0,0.0,0.0,1,1,7.34,1,1.0,0,1.0,0,1.0,0,1.0
525,524,'1',0.0001,0.001,0.0,864.8,864.8,864.8,0.0,0.0,0.0,0.0,1,1,0.0,1,1.0,0,1.0,0,1.0,0,1.0
525,530,'1',0.00022,0.00119,0.0,690.0,690.0,690.0,0.0,0.0,0.0,0.0,1,1,0.0,1,1.0,0,1.0,0,1.0,0,1.0
526,52,'1',0.00382,0.01982,0.00374871,168.0,168.0,168.0,0.0,0.0,0.0,0.0,1,1,5.16,1,1.0,0,1.0,0,1.0,0,1.0
526,54,'1',0.00499,0.02628,0.00169398,150.2,150.2,150.2,0.0,0.0,0.0,0.0,1,1,4.65,1,1.0,0,1.0,0,1.0,0,1.0
531,532,'1',0.0,0.001,0.0,1000.0,1000.0,1000.0,0.0,0.0,0.0,0.0,1,1,0.0,1,1.0,0,1.0,0,1.0,0,1.0
532,490,'1',0.00028,0.00582,0.0,1500.0,1500.0,1500.0,0.0,0.0,0.0,0.0,1,1,0.0,1,1.0,0,1.0,0,1.0,0,1.0
532,533,'1',0.0001,0.001,0.0,862.7,862.7,862.7,0.0,0.0,0.0,0.0,1,1,0.0,1,1.0,0,1.0,0,1.0,0,1.0
533,531,'1',0.0001,0.001,0.0,862.7,862.7,862.7,0.0,0.0,0.0,0.0,1,1,0.0,1,1.0,0,1.0,0,1.0,0,1.0
534,254,'1',0.00465,0.02005,0.0016209,159.3,159.3,159.3,0.0,0.0,0.0,0.0,1,1,3.69,1,1.0,0,1.0,0,1.0,0,1.0
535,536,'1',0.0,0.001,0.0,690.0,690.0,690.0,0.0,0.0,0.0,0.0,1,1,0.0,1,1.0,0,1.0,0,1.0,0,1.0
535,539,'1',0.00026,0.00105,0.0,690.0,690.0,690.0,0.0,0.0,0.0,0.0,1,1,0.0,1,1.0,0,1.0,0,1.0,0,1.0
537,538,'1',0.0,0.001,0.0,345.0,345.0,345.0,0.0,0.0,0.0,0.0,1,1,0.0,1,1.0,0,1.0,0,1.0,0,1.0
538,392,'1',0.00135,0.00473,0.0,176.8,176.8,176.8,0.0,0.0,0.0,0.0,1,1,0.0,1,1.0,0,1.0,0,1.0,0,1.0
538,423,'1',0.00743,0.03918,0.0,180.2,180.2,180.2,0.0,0.0,0.0,0.0,1,1,0.0,1,1.0,0,1.0,0,1.0,0,1.0
539,413,'1',0.00116,0.00949,0.00576,390.0,390.0,390.0,0.0,0.0,0.0,0.0,1,1,5.07,1,1.0,0,1.0,0,1.0,0,1.0
539,453,'1',0.00077,0.0067,0.0243,423.2,423.2,423.2,0.0,0.0,0.0,0.0,1,1,6.69,1,1.0,0,1.0,0,1.0,0,1.0
539,489,'1',0.00164,0.01315,0.02607,581.6,581.6,581.6,0.0,0.0,0.0,0.0,1,1,13.09,1,1.0,0,1.0,0,1.0,0,1.0
540,489,'1',0.00193,0.01522,0.01208,536.2,536.2,536.2,0.0,0.0,0.0,0.0,1,1,9.77,1,1.0,0,1.0,0,1.0,0,1.0
540,539,'1',0.00095,0.00942,0.02524,472.9,472.9,472.9,0.0,0.0,0.0,0.0,1,1,9.48,1,1.0,0,1.0,0,1.0,0,1.0
541,403,'1',0.00143,0.00736,0.00048165,154.0,154.0,154.0,0.0,0.0,0.0,0.0,1,1,1.36,1,1.0,0,1.0,0,1.0,0,1.0
541,587,'1',0.00058,0.00238,5.8169e-05,199.9,199.9,199.9,0.0,0.0,0.0,0.0,1,1,0.4,1,1.0,0,1.0,0,1.0,0,1.0
544,245,'1',0.00415,0.01685,0.00171867,132.2,132.2,132.2,0.0,0.0,0.0,0.0,1,1,3.29,1,1.0,0,1.0,0,1.0,0,1.0
546,474,'1',0.00506,0.04265,0.08957,655.7,655.7,655.7,0.0,0.0,0.0,0.0,1,1,32.39,1,1.0,0,1.0,0,1.0,0,1.0
546,545,'1',0.0001,0.001,0.0,753.4,753.4,753.4,0.0,0.0,0.0,0.0,1,1,0.0,1,1.0,0,1.0,0,1.0,0,1.0
546,571,'1',0.00151,0.0125,0.01161,614.5,614.5,614.5,0.0,0.0,0.0,0.0,1,1,7.71,1,1.0,0,1.0,0,1.0,0,1.0
550,531,'1',0.00138,0.00897,0.04507,451.2,451.2,451.2,0.0,0.0,0.0,0.0,1,1,13.02,1,1.0,0,1.0,0,1.0,0,1.0
550,551,'1',0.0,0.001,0.0,1500.0,1500.0,1500.0,0.0,0.0,0.0,0.0,1,1,0.0,1,1.0,0,1.0,0,1.0,0,1.0
551,490,'1',0.0005,0.0079,0.0,1000.0,1000.0,1000.0,0.0,0.0,0.0,0.0,1,1,0.0,1,1.0,0,1.0,0,1.0,0,1.0
551,552,'1',0.0001,0.001,0.0,593.9,593.9,593.9,0.0,0.0,0.0,0.0,1,1,0.0,1,1.0,0,1.0,0,1.0,0,1.0
552,550,'1',0.0001,0.001,0.0,593.9,593.9,593.9,0.0,0.0,0.0,0.0,1,1,0.0,1,1.0,0,1.0,0,1.0,0,1.0
552,555,'1',0.00023,0.00109,0.0,368.0,368.0,368.0,0.0,0.0,0.0,0.0,1,1,0.0,1,1.0,0,1.0,0,1.0,0,1.0
553,245,'1',0.00399,0.01776,0.00154968,147.5,147.5,147.5,0.0,0.0,0.0,0.0,1,1,3.31,1,1.0,0,1.0,0,1.0,0,1.0
553,544,'1',0.00038,0.00182,1.37767e-05,186.6,186.6,186.6,0.0,0.0,0.0,0.0,1,1,0.3,1,1.0,0,1.0,0,1.0,0,1.0
556,490,'1',0.00084,0.00753,0.05436,427.0,427.0,427.0,0.0,0.0,0.0,0.0,1,1,11.7,1,1.0,0,1.0,0,1.0,0,1.0
556,531,'1',0.00114,0.01068,0.0924164,366.9,366.9,366.9,0.0,0.0,0.0,0.0,1,1,17.01,1,1.0,0,1.0,0,1.0,0,1.0
557,556,'1',0.0001,0.001,0.0,666.2,666.2,666.2,0.0,0.0,0.0,0.0,1,1,0.0,1,1.0,0,1.0,0,1.0,0,1.0
557,560,'1',0.00028,0.00112,0.0,368.0,368.0,368.0,0.0,0.0,0.0,0.0,1,1,0.0,1,1.0,0,1.0,0,1.0,0,1.0
561,562,'1',0.0,0.001,0.0,138.0,138.0,138.0,0.0,0.0,0.0,0.0,1,1,0.0,1,1.0,0,1.0,0,1.0,0,1.0
562,138,'1',0.00494,0.02121,0.0,158.9,158.9,158.9,0.0,0.0,0.0,0.0,1,1,0.0,1,1.0,0,1.0,0,1.0,0,1.0
562,139,'1',0.01495,0.06824,0.0,146.7,146.7,146.7,0.0,0.0,0.0,0.0,1,1,0.0,1,1.0,0,1.0,0,1.0,0,1.0
562,581,'1',0.00072,0.00316,0.0,163.5,163.5,163.5,0.0,0.0,0.0,0.0,1,1,0.0,1,1.0,0,1.0,0,1.0,0,1.0
563,360,'1',0.0033,0.02568,0.144653,480.0,480.0,480.0,0.0,0.0,0.0,0.0,1,1,34.27,1,1.0,0,1.0,0,1.0,0,1.0
563,531,'1',0.003,0.024,0.194,750.0,750.0,750.0,0.0,0.0,0.0,0.0,1,1,0.0,1,1.0,0,1.0,0,1.0,0,1.0
564,563,'1',0.0001,0.001,0.0,388.8,388.8,388.8,0.0,0.0,0.0,0.0,1,1,0.0,1,1.0,0,1.0,0,1.0,0,1.0
567,569,'1',0.0003,0.00112,0.0,690.0,690.0,690.0,0.0,0.0,0.0,0.0,1,1,0.0,1,1.0,0,1.0,0,1.0,0,1.0
568,355,'1',0.00785,0.0373,0.00226,198.2,198.2,198.2,0.0,0.0,0.0,0.0,1,1,5.67,1,1.0,0,1.0,0,1.0,0,1.0
569,345,'1',0.00307,0.02952,0.06099,530.0,530.0,530.0,0.0,0.0,0.0,0.0,1,1,23.73,1,1.0,0,1.0,0,1.0,0,1.0
570,545,'1',0.00072,0.00579,0.0241,420.0,420.0,420.0,0.0,0.0,0.0,0.0,1,1,8.41,1,1.0,0,1.0,0,1.0,0,1.0
571,134,'1',0.00567,0.04683,0.08078,645.3,645.3,645.3,0.0,0.0,0.0,0.0,1,1,34.41,1,1.0,0,1.0,0,1.0,0,1.0
571,570,'1',0.0001,0.001,0.0,929.9,929.9,929.9,0.0,0.0,0.0,0.0,1,1,0.0,1,1.0,0,1.0,0,1.0,0,1.0
572,24,'1',0.00364,0.01993,0.00393196,177.2,177.2,177.2,0.0,0.0,0.0,0.0,1,1,5.48,1,1.0,0,1.0,0,1.0,0,1.0
579,584,'1',0.00021,0.00116,0.0,1000.0,1000.0,1000.0,0.0,0.0,0.0,0.0,1,1,0.0,1,1.0,0,1.0,0,1.0,0,1.0
580,122,'1',0.00237,0.0214,0.07224,564.9,564.9,564.9,0.0,0.0,0.0,0.0,1,1,21.89,1,1.0,0,1.0,0,1.0,0,1.0
580,153,'1',0.00237,0.01846,0.07067,679.8,679.8,679.8,0.0,0.0,0.0,0.0,1,1,20.02,1,1.0,0,1.0,0,1.0,0,1.0
580,579,'1',0.0001,0.001,0.0,480.0,480.0,480.0,0.0,0.0,0.0,0.0,1,1,0.0,1,1.0,0,1.0,0,1.0,0,1.0
581,561,'1',0.00072,0.00316,0.000914889,163.5,163.5,163.5,0.0,0.0,0.0,0.0,1,1,1.31,1,1.0,0,1.0,0,1.0,0,1.0
584,585,'1',0.0,0.001,0.0,1500.0,1500.0,1500.0,0.0,0.0,0.0,0.0,1,1,0.0,1,1.0,0,1.0,0,1.0,0,1.0
584,600,'1',0.00318,0.02961,0.173281,707.4,707.4,707.4,0.0,0.0,0.0,0.0,1,1,41.05,1,1.0,0,1.0,0,1.0,0,1.0
586,587,'1',0.00026,0.00111,0.0,345.0,345.0,345.0,0.0,0.0,0.0,0.0,1,1,0.0,1,1.0,0,1.0,0,1.0,0,1.0
587,403,'1',0.00158,0.00639,0.000468485,173.2,173.2,173.2,0.0,0.0,0.0,0.0,1,1,1.21,1,1.0,0,1.0,0,1.0,0,1.0
588,592,'1',0.0003,0.00105,0.0,148.0,148.0,148.0,0.0,0.0,0.0,0.0,1,1,0.0,1,1.0,0,1.0,0,1.0,0,1.0
592,286,'1',0.0043,0.02435,0.000848501,186.6,186.6,186.6,0.0,0.0,0.0,0.0,1,1,2.93,1,1.0,0,1.0,0,1.0,0,1.0
593,524,'1',0.00384,0.02898,0.194218,690.0,690.0,690.0,0.0,0.0,0.0,0.0,1,1,41.59,1,1.0,0,1.0,0,1.0,0,1.0
594,593,'1',0.0001,0.001,0.0,584.5,584.5,584.5,0.0,0.0,0.0,0.0,1,1,0.0,1,1.0,0,1.0,0,1.0,0,1.0
595,111,'1',0.0247,0.0747,0.0164236,176.4,176.4,176.4,0.0,0.0,0.0,0.0,1,1,19.5,1,1.0,0,1.0,0,1.0,0,1.0
595,130,'1',0.02055,0.08011,0.00656404,158.3,158.3,158.3,0.0,0.0,0.0,0.0,1,1,12.41,1,1.0,0,1.0,0,1.0,0,1.0
598,599,'1',0.0003,0.00103,0.0,138.0,138.0,138.0,0.0,0.0,0.0,0.0,1,1,0.0,1,1.0,0,1.0,0,1.0,0,1.0
599,354,'1',0.00368,0.02035,0.000997807,178.3,178.3,178.3,0.0,0.0,0.0,0.0,1,1,3.04,1,1.0,0,1.0,0,1.0,0,1.0
600,585,'1',0.00053,0.00987,0.0,1000.0,1000.0,1000.0,0.0,0.0,0.0,0.0,1,1,0.0,1,1.0,0,1.0,0,1.0,0,1.0
600,604,'1',0.00216,0.02331,0.209434,605.0,605.0,605.0,0.0,0.0,0.0,0.0,1,1,38.62,1,1.0,0,1.0,0,1.0,0,1.0
601,134,'1',0.00358,0.02786,0.13091,588.2,588.2,588.2,0.0,0.0,0.0,0.0,1,1,33.02,1,1.0,0,1.0,0,1.0,0,1.0
601,600,'1',0.0001,0.001,0.0,779.8,779.8,779.8,0.0,0.0,0.0,0.0,1,1,0.0,1,1.0,0,1.0,0,1.0,0,1.0
602,132,'1',0.00713,0.03441,0.0042527,164.1,164.1,164.1,0.0,0.0,0.0,0.0,1,1,7.42,1,1.0,0,1.0,0,1.0,0,1.0
604,550,'1',0.0024,0.01998,0.204777,702.9,702.9,702.9,0.0,0.0,0.0,0.0,1,1,33.49,1,1.0,0,1.0,0,1.0,0,1.0
604,593,'1',0.00108,0.00951,0.08184,644.5,644.5,644.5,0.0,0.0,0.0,0.0,1,1,15.08,1,1.0,0,1.0,0,1.0,0,1.0
605,474,'1',0.0016,0.0305,0.035,657.2,657.2,657.2,0.0,0.0,0.0,0.0,1,1,24.58,1,1.0,0,1.0,0,1.0,0,1.0
605,555,'1',0.00336,0.03241,0.1325,594.8,594.8,594.8,0.0,0.0,0.0,0.0,1,1,34.22,1,1.0,0,1.0,0,1.0,0,1.0
605,594,'1',0.00095,0.00925,0.08793,645.1,645.1,645.1,0.0,0.0,0.0,0.0,1,1,14.84,1,1.0,0,1.0,0,1.0,0,1.0
609,83,'1',0.00588,0.03786,0.323751,349.1,349.1,349.1,0.0,0.0,0.0,0.0,1,1,60.17,1,1.0,0,1.0,0,1.0,0,1.0
609,165,'1',0.00336,0.0324,0.214251,440.0,440.0,440.0,0.0,0.0,0.0,0.0,1,1,47.49,1,1.0,0,1.0,0,1.0,0,1.0
610,609,'1',0.0001,0.001,0.0,739.8,739.8,739.8,0.0,0.0,0.0,0.0,1,1,0.0,1,1.0,0,1.0,0,1.0,0,1.0
610,613,'1',0.00023,0.00103,0.0,368.0,368.0,368.0,0.0,0.0,0.0,0.0,1,1,0.0,1,1.0,0,1.0,0,1.0,0,1.0
611,470,'1',0.01718,0.06482,0.00635525,158.5,158.5,158.5,0.0,0.0,0.0,0.0,1,1,13.82,1,1.0,0,1.0,0,1.0,0,1.0
614,616,'1',0.00027,0.00115,0.0,345.0,345.0,345.0,0.0,0.0,0.0,0.0,1,1,0.0,1,1.0,0,1.0,0,1.0,0,1.0
616,107,'1',0.01309,0.05294,0.00442494,163.6,163.6,163.6,0.0,0.0,0.0,0.0,1,1,10.49,1,1.0,0,1.0,0,1.0,0,1.0
616,108,'1',0.00654,0.02327,0.00635969,158.4,158.4,158.4,0.0,0.0,0.0,0.0,1,1,8.62,1,1.0,0,1.0,0,1.0,0,1.0
616,565,'1',0.00048,0.00297,2.85905e-05,200.0,200.0,200.0,0.0,0.0,0.0,0.0,1,1,0.41,1,1.0,0,1.0,0,1.0,0,1.0
617,568,'1',0.0082,0.03096,0.00330986,146.0,146.0,146.0,0.0,0.0,0.0,0.0,1,1,7.37,1,1.0,0,1.0,0,1.0,0,1.0